date,open,high,low,close,volume,is_anomaly
2020-01-01,430.0,440.0,426.0,436.98,461600,False
2020-01-02,440.01,458.82,440.01,458.82,949200,False
2020-01-03,468.0,475.9,459.0,463.46,1472500,False
2020-01-06,458.99,459.0,443.0,445.11,1079700,False
2020-01-07,452.0,467.36,452.0,466.02,1240100,False
2020-01-08,466.01,487.5,465.0,477.03,2834900,False
2020-01-09,500.0,500.0,490.0,498.43,1361200,False
2020-01-10,501.0,503.5,491.2,493.7,697300,False
2020-01-13,494.0,494.99,487.01,489.91,261100,False
2020-01-14,491.5,495.0,486.5,487.75,248400,False
2020-01-15,488.0,491.55,485.0,486.09,352200,False
2020-01-16,487.1,490.99,485.11,486.83,194200,False
2020-01-17,486.01,492.0,485.5,489.16,227300,False
2020-01-20,489.0,491.0,481.05,483.34,114100,False
2020-01-21,484.0,485.0,477.55,481.17,149900,False
2020-01-22,482.0,498.0,481.1,495.97,993700,False
2020-01-23,498.0,516.85,488.0,490.95,3036800,False
2020-01-24,491.0,498.49,485.5,496.42,630500,False
2020-01-27,497.01,502.5,490.0,491.79,551200,False
2020-01-28,492.49,497.0,485.25,489.54,503800,False
2020-01-29,487.5,488.49,474.0,476.08,789500,False
2020-01-30,474.1,490.0,468.8,487.35,832900,False
2020-01-31,486.0,490.0,475.1,476.87,509400,False
2020-02-03,466.0,471.9,457.0,460.14,888400,False
2020-02-04,463.19,474.5,463.19,470.35,592700,False
2020-02-06,472.95,475.0,468.0,471.52,2325300,False
2020-02-07,477.0,477.01,466.5,468.81,471900,False
2020-02-10,466.98,466.98,458.5,460.91,494600,False
2020-02-11,462.0,479.45,460.5,471.96,757600,False
2020-02-12,480.0,495.0,472.1,492.27,1082200,False
2020-02-13,495.0,497.0,483.0,484.97,555000,False
2020-02-14,486.0,488.79,481.0,484.76,165700,False
2020-02-17,485.5,487.0,478.81,483.55,175800,False
2020-02-18,484.0,487.01,479.05,481.36,234300,False
2020-02-19,483.0,489.5,482.0,487.05,357500,False
2020-02-20,487.99,488.9,483.0,483.67,218500,False
2020-02-21,482.0,492.65,482.0,489.99,466000,False
2020-02-24,490.25,490.25,472.5,476.81,410000,False
2020-02-25,476.5,483.89,472.51,478.35,1202100,False
2020-02-26,480.0,480.0,467.1,471.4,869300,False
2020-02-27,465.01,487.0,453.02,476.95,2328400,False
2020-02-28,473.5,496.0,472.0,489.09,1250000,False
2020-03-02,495.0,517.99,490.01,514.8,1451100,False
2020-03-03,520.0,520.95,501.51,503.4,1067700,False
2020-03-04,507.0,516.9,500.0,505.35,946300,False
2020-03-05,509.0,540.72,509.0,536.75,2140000,False
2020-03-06,529.1,550.0,526.0,529.75,1749800,False
2020-03-09,518.05,566.83,496.0,566.47,1744400,False
2020-03-10,578.0,583.0,556.0,559.74,1211200,False
2020-03-11,559.0,573.98,550.25,555.0,1030300,False
2020-03-12,550.06,552.98,516.15,517.05,1628100,False
2020-03-13,495.0,512.0,480.86,499.03,3978100,False
2020-03-16,478.0,480.4,461.61,461.61,1293100,False
2020-03-17,461.0,472.0,427.0,433.53,4623300,False
2020-03-18,421.0,421.0,401.02,401.02,927400,False
2020-03-19,370.95,386.0,370.95,371.51,2335800,False
2020-03-20,382.0,382.61,345.51,372.7,3065200,False
2020-03-24,344.75,353.0,344.75,344.75,541722,False
2020-03-25,358.0,360.0,318.9,318.9,1854927,False
2020-03-26,315.0,329.99,305.0,310.3,1406101,False
2020-03-27,310.0,333.57,305.0,331.38,1085735,False
2020-03-30,333.0,356.23,321.0,353.93,1375298,False
2020-03-31,354.0,378.5,345.02,370.7,1480451,False
2020-04-01,368.75,373.68,362.0,364.43,1735956,False
2020-04-02,361.0,391.76,353.0,391.76,5106471,False
2020-04-03,400.0,415.0,400.0,410.73,3535350,False
2020-04-06,420.0,425.0,384.19,391.52,3286853,False
2020-04-07,393.01,414.9,393.01,409.43,1820300,False
2020-04-08,407.9,407.9,395.57,398.37,1387641,False
2020-04-09,406.0,416.0,406.0,409.94,1634291,False
2020-04-10,406.01,415.0,402.0,412.73,997913,False
2020-04-13,406.0,411.94,396.0,399.51,843918,False
2020-04-14,400.2,409.0,400.2,407.5,828354,False
2020-04-15,419.0,424.9,410.67,413.72,1561463,False
2020-04-16,412.0,412.98,404.5,409.24,893371,False
2020-04-17,439.93,439.93,433.0,439.93,897063,False
2020-04-20,472.92,472.92,452.02,471.77,4725530,False
2020-04-21,463.0,483.9,451.0,459.73,3356388,False
2020-04-22,465.1,478.0,462.0,469.33,2506634,False
2020-04-23,472.0,472.0,452.01,458.16,1280950,False
2020-04-24,458.0,462.48,453.5,456.06,594229,False
2020-04-27,445.0,445.0,428.15,442.63,1382491,False
2020-04-28,444.0,458.89,443.01,454.27,845611,False
2020-04-29,457.98,469.5,457.97,467.8,1249473,False
2020-04-30,473.0,479.99,466.0,470.44,1339809,False
2020-05-04,463.0,465.0,457.0,461.52,915348,False
2020-05-05,468.0,468.0,458.0,460.86,1009749,False
2020-05-06,458.25,460.0,451.01,452.51,431139,False
2020-05-07,450.0,455.0,439.0,440.99,1308908,False
2020-05-08,443.12,446.0,432.01,435.15,711563,False
2020-05-11,435.0,437.99,432.0,433.43,286408,False
2020-05-12,444.0,453.0,444.0,450.76,1562424,False
2020-05-13,450.0,461.4,448.0,455.35,1412713,False
2020-05-14,457.0,458.78,449.15,451.95,431107,False
2020-05-15,450.01,459.88,450.01,458.56,344859,False
2020-05-18,465.97,466.0,449.0,450.71,430142,False
2020-05-19,451.9,459.98,445.15,455.91,931273,False
2020-05-20,456.0,465.0,452.15,457.21,1147029,False
2020-05-21,456.0,458.85,451.2,452.57,540727,False
2020-05-28,452.57,453.7,446.01,449.46,380605,False
2020-05-29,448.1,462.0,448.1,460.33,930336,False
2020-06-01,461.0,464.0,453.01,454.08,222059,False
2020-06-02,454.1,457.0,452.0,452.9,406554,False
2020-06-03,453.01,455.5,449.0,450.24,155505,False
2020-06-04,450.0,451.0,445.01,446.16,185296,False
2020-06-05,446.99,453.0,445.1,451.45,137300,False
2020-06-08,453.48,458.8,452.1,457.8,370234,False
2020-06-09,458.0,469.9,454.5,467.28,1548360,False
2020-06-10,470.0,474.0,466.01,467.41,521415,False
2020-06-11,467.55,478.49,466.01,475.97,758331,False
2020-06-12,471.5,476.0,469.0,471.61,736409,False
2020-06-15,471.96,471.96,451.05,456.03,693851,False
2020-06-16,457.89,460.99,452.0,453.24,346356,False
2020-06-17,458.94,459.0,446.5,448.28,316998,False
2020-06-18,449.99,453.0,443.31,445.26,373705,False
2020-06-19,445.5,448.8,436.0,439.56,273630,False
2020-06-22,440.0,443.9,428.5,442.16,574274,False
2020-06-23,445.0,450.0,444.16,447.79,310687,False
2020-06-24,447.79,449.5,443.05,445.27,307778,False
2020-06-25,446.0,446.9,440.0,441.76,401288,False
2020-06-26,455.0,455.0,447.0,452.58,931211,False
2020-06-29,452.99,461.75,445.0,460.23,695486,False
2020-06-30,462.99,464.0,461.0,461.58,564207,False
2020-07-01,462.58,496.19,462.58,494.41,1923929,False
2020-07-02,495.0,502.0,489.01,495.39,1339621,False
2020-07-03,491.15,493.85,485.01,489.76,506230,False
2020-07-06,491.9,495.5,488.25,491.38,541663,False
2020-07-07,495.0,503.75,493.1,494.49,1093917,False
2020-07-08,498.01,499.97,486.0,489.11,1098664,False
2020-07-09,492.0,494.63,487.13,488.93,674664,False
2020-07-10,488.25,499.5,486.0,496.41,587912,False
2020-07-13,510.0,524.89,505.5,516.27,1856608,False
2020-07-14,516.0,519.0,510.0,512.39,887270,False
2020-07-15,513.99,516.0,508.51,512.32,896411,False
2020-07-16,513.98,530.89,513.27,525.54,1402086,False
2020-07-17,525.55,530.0,521.26,525.84,421958,False
2020-07-20,527.99,536.95,526.0,530.56,972392,False
2020-07-21,531.0,543.98,528.0,534.73,1153843,False
2020-07-22,540.0,563.89,534.0,559.18,1981192,False
2020-07-23,558.99,558.99,538.0,540.38,920867,False
2020-07-24,539.99,539.99,525.05,531.53,898199,False
2020-07-27,532.0,549.0,526.0,545.08,1089358,False
2020-07-28,551.0,563.51,551.0,559.3,1592868,False
2020-07-29,561.9,582.9,555.0,568.77,1954914,False
2020-07-30,568.11,584.9,566.07,581.46,1413292,False
2020-08-03,585.98,605.98,585.98,600.01,3541142,False
2020-08-04,595.0,602.9,575.1,583.26,2642222,False
2020-08-05,586.0,606.0,576.15,599.93,4073775,False
2020-08-06,605.0,610.9,599.93,603.22,2265063,False
2020-08-07,604.0,616.9,592.21,601.91,2422251,False
2020-08-10,598.0,607.99,595.16,601.45,1579910,False
2020-08-11,605.0,625.0,605.0,616.65,2910054,False
2020-08-12,620.98,627.99,608.11,610.95,1726336,False
2020-08-13,610.0,614.0,595.8,609.88,1879580,False
2020-08-17,611.5,612.9,596.0,600.5,2129045,False
2020-08-18,603.94,615.8,601.5,611.78,2171697,False
2020-08-19,609.97,615.92,606.1,612.18,963257,False
2020-08-20,609.0,611.5,600.0,602.08,997489,False
2020-08-21,604.0,606.5,593.0,597.86,1170621,False
2020-08-24,597.0,619.0,590.49,611.1,1816754,False
2020-08-25,619.0,619.5,603.11,607.5,1592437,False
2020-08-26,610.0,610.0,603.05,607.57,578509,False
2020-08-27,605.2,618.5,605.2,609.35,1506793,False
2020-08-28,610.0,611.0,604.0,604.95,419742,False
2020-08-31,608.0,616.2,607.0,614.22,1046493,False
2020-09-01,614.0,616.95,609.0,615.53,1097990,False
2020-09-02,617.8,623.0,613.6,615.37,1523737,False
2020-09-03,615.0,624.92,613.0,621.83,1238129,False
2020-09-04,619.94,622.0,612.1,614.44,931236,False
2020-09-07,616.0,632.0,616.0,628.46,1963396,False
2020-09-08,630.12,651.0,628.5,639.34,2608425,False
2020-09-09,639.49,653.89,633.5,644.77,1561632,False
2020-09-10,651.0,674.99,647.0,666.3,1989820,False
2020-09-11,666.0,671.97,655.1,657.37,579702,False
2020-09-14,659.0,662.0,653.0,657.22,336534,False
2020-09-15,657.0,665.5,654.0,655.21,748773,False
2020-09-16,656.61,664.0,650.0,662.04,740416,False
2020-09-17,668.01,674.9,661.52,663.75,962428,False
2020-09-18,663.0,663.95,659.25,661.38,428269,False
2020-09-21,660.0,666.0,655.0,663.01,382915,False
2020-09-22,663.55,666.0,659.2,662.51,532098,False
2020-09-23,666.0,666.4,657.0,658.68,316777,False
2020-09-24,659.4,666.99,658.0,663.68,1068308,False
2020-09-25,661.5,661.5,649.0,650.45,1413424,False
2020-09-28,650.5,653.84,640.55,643.52,1122045,False
2020-09-29,643.0,665.0,635.01,656.41,981022,False
2020-09-30,662.0,663.25,645.01,647.07,584111,False
2020-10-01,646.0,655.0,636.11,648.13,764747,False
2020-10-02,649.0,652.0,636.01,639.62,720755,False
2020-10-05,640.0,640.0,627.1,629.8,1020132,False
2020-10-06,634.0,635.0,620.0,629.31,986077,False
2020-10-07,634.0,648.0,626.1,645.12,908292,False
2020-10-08,645.0,656.0,645.0,653.75,747758,False
2020-10-09,653.71,659.98,648.1,654.95,451269,False
2020-10-12,656.0,657.95,644.5,646.81,509093,False
2020-10-13,647.0,655.0,636.7,649.54,599539,False
2020-10-14,649.97,654.0,645.0,648.02,363073,False
2020-10-15,654.0,654.99,642.22,643.91,144878,False
2020-10-16,641.0,645.0,635.5,638.46,437043,False
2020-10-19,639.99,642.99,634.0,637.35,335978,False
2020-10-20,639.5,655.9,639.5,653.76,689210,False
2020-10-21,657.0,660.0,650.01,654.91,560922,False
2020-10-22,657.97,661.0,648.02,650.42,455552,False
2020-10-23,653.0,664.99,652.0,660.94,1407496,False
2020-10-26,666.0,707.87,664.0,702.14,2531120,False
2020-10-27,703.0,711.0,692.0,694.98,1329996,False
2020-10-28,696.99,696.99,674.99,678.43,1148473,False
2020-10-29,680.0,680.0,656.0,672.98,2066962,False
2020-11-02,666.0,666.0,652.5,657.75,2225690,False
2020-11-03,668.0,680.0,667.0,679.48,812348,False
2020-11-04,685.01,689.0,674.99,675.99,736943,False
2020-11-05,679.99,689.25,679.5,687.33,578077,False
2020-11-06,686.98,693.0,681.0,682.86,462644,False
2020-11-09,682.0,684.9,675.0,675.64,369688,False
2020-11-10,680.15,688.0,673.01,674.51,729467,False
2020-11-11,675.88,676.0,664.0,665.84,415107,False
2020-11-12,665.84,668.9,654.15,656.35,942501,False
2020-11-13,653.01,667.98,651.52,659.76,512156,False
2020-11-16,659.76,661.9,652.75,653.36,267228,False
2020-11-17,659.0,664.79,655.06,657.67,288255,False
2020-11-18,657.5,657.5,651.25,653.3,259089,False
2020-11-19,655.01,663.65,651.25,659.21,612059,False
2020-11-20,659.99,660.99,648.55,650.47,680031,False
2020-11-23,644.02,648.0,638.1,645.6,539629,False
2020-11-24,649.0,654.0,643.0,650.94,259511,False
2020-11-25,652.0,654.9,642.0,645.13,372032,False
2020-11-26,650.0,663.0,648.0,658.14,1106591,False
2020-11-27,654.4,658.0,646.15,648.63,533676,False
2020-11-30,647.0,657.4,645.0,655.5,365934,False
2020-12-01,655.1,667.79,655.1,661.6,612730,False
2020-12-02,662.0,674.25,662.0,669.53,827309,False
2020-12-03,672.0,679.25,672.0,675.44,645522,False
2020-12-04,675.5,678.0,671.16,673.54,197318,False
2020-12-07,674.51,677.5,668.31,670.26,222711,False
2020-12-08,671.36,675.9,666.1,672.84,271135,False
2020-12-09,673.0,679.0,671.0,673.01,476800,False
2020-12-10,674.5,675.5,669.0,673.98,352073,False
2020-12-11,674.5,686.65,671.0,679.33,854360,False
2020-12-14,682.1,702.9,682.0,697.8,1084914,False
2020-12-15,702.98,705.4,681.01,685.68,799186,False
2020-12-16,688.0,688.0,678.01,681.2,199773,False
2020-12-17,682.0,685.0,680.0,683.71,235239,False
2020-12-18,685.0,692.63,681.61,683.98,350153,False
2020-12-21,682.0,683.0,672.0,674.79,405146,False
2020-12-22,677.0,677.0,667.51,669.25,384381,False
2020-12-23,666.63,680.34,665.0,675.43,412095,False
2020-12-24,679.5,705.0,679.5,699.71,1267715,False
2020-12-28,701.5,705.0,694.0,696.2,361789,False
2020-12-29,695.0,697.5,681.15,687.24,384165,False
2020-12-30,687.49,699.5,686.0,690.53,541803,False
2020-12-31,691.9,702.48,686.0,696.09,378754,False
2021-01-01,705.0,714.45,700.0,702.6,829354,False
2021-01-04,708.0,709.0,689.01,692.12,636632,False
2021-01-05,692.21,698.0,689.1,690.53,213237,False
2021-01-06,691.05,709.99,691.0,703.15,691968,False
2021-01-07,706.0,707.9,695.07,696.95,490574,False
2021-01-08,700.0,703.9,695.01,697.64,220273,False
2021-01-11,698.0,708.0,696.16,697.85,512156,False
2021-01-12,697.5,703.5,696.1,700.63,587390,False
2021-01-13,704.99,710.9,703.0,704.0,589535,False
2021-01-14,705.75,708.0,701.0,701.95,285816,False
2021-01-15,703.75,703.75,697.82,698.1,463807,False
2021-01-18,697.0,698.18,690.0,690.75,315784,False
2021-01-19,693.4,694.9,688.05,690.83,227616,False
2021-01-20,688.0,692.69,682.0,685.08,587984,False
2021-01-21,686.5,707.0,686.5,699.47,683092,False
2021-01-22,700.01,704.0,692.25,698.82,268685,False
2021-01-25,699.99,705.6,698.0,703.43,558027,False
2021-01-26,701.01,715.5,701.0,710.44,1074142,False
2021-01-27,712.98,723.0,711.0,717.86,732244,False
2021-01-28,715.0,734.85,714.99,727.93,1383618,False
2021-01-29,729.0,744.9,721.1,727.29,1758452,False
2021-02-01,732.0,742.99,710.03,711.66,1901245,False
2021-02-02,713.97,719.9,710.51,714.74,398648,False
2021-02-03,718.0,735.25,718.0,731.41,1459068,False
2021-02-04,731.99,754.88,730.01,741.17,1869060,False
2021-02-08,746.0,748.0,737.5,739.39,468784,False
2021-02-09,740.0,748.7,737.25,742.13,601594,False
2021-02-10,742.17,777.0,742.0,767.24,2044488,False
2021-02-11,769.98,791.0,764.01,770.36,2313025,False
2021-02-12,773.0,800.0,770.55,789.82,1054215,False
2021-02-15,805.0,807.9,790.11,792.21,800181,False
2021-02-16,798.0,834.9,798.0,831.06,1516616,False
2021-02-17,842.0,859.9,834.0,849.68,1175311,False
2021-02-18,851.0,860.0,833.25,835.07,612541,False
2021-02-19,838.75,845.5,825.03,831.16,482290,False
2021-02-22,837.5,838.0,826.02,829.75,273128,False
2021-02-23,831.0,838.0,828.0,828.54,196221,False
2021-02-24,829.0,845.0,823.2,836.66,546902,False
2021-02-25,850.5,873.8,844.0,865.63,708009,False
2021-02-26,868.0,897.0,868.0,884.73,1142025,False
2021-03-01,884.99,904.0,876.7,887.47,793258,False
2021-03-02,892.01,895.0,875.15,878.13,665484,False
2021-03-03,881.89,885.8,874.0,880.17,575797,False
2021-03-04,857.25,871.97,845.51,857.96,1162982,False
2021-03-05,860.0,879.5,852.01,869.72,540954,False
2021-03-08,887.0,887.0,830.21,841.39,1124583,False
2021-03-09,838.75,838.75,810.01,827.04,1051418,False
2021-03-10,827.25,835.0,811.5,812.85,579512,False
2021-03-11,817.0,819.0,792.01,799.42,1105682,False
2021-03-12,804.99,836.0,799.42,824.64,1221430,False
2021-03-15,840.0,849.0,823.0,843.84,1114962,False
2021-03-16,845.0,849.0,837.13,841.86,413832,False
2021-03-17,850.0,855.5,847.11,849.21,494442,False
2021-03-18,849.9,854.74,837.01,840.74,463917,False
2021-03-19,840.0,849.78,820.0,839.52,370079,False
2021-03-22,837.55,844.0,827.02,839.0,181013,False
2021-03-24,842.0,851.49,836.5,838.44,351561,False
2021-03-25,839.95,855.15,839.95,844.07,459233,False
2021-03-26,845.0,849.9,832.01,836.75,273669,False
2021-03-29,837.5,837.5,808.88,817.49,396905,False
2021-03-30,820.0,830.0,814.0,817.82,496538,False
2021-03-31,825.0,828.99,811.03,817.59,407884,False
2021-04-01,821.0,821.0,810.0,810.91,322565,False
2021-04-02,814.98,819.0,805.01,816.65,105787,False
2021-04-05,818.0,824.0,801.02,803.1,228066,False
2021-04-06,806.0,833.01,805.8,825.06,328877,False
2021-04-07,829.7,855.0,822.0,838.05,1041871,False
2021-04-08,850.0,856.0,843.0,854.63,304831,False
2021-04-09,856.98,863.0,854.5,858.14,448335,False
2021-04-12,854.99,872.0,854.98,860.05,571915,False
2021-04-13,855.81,863.9,854.0,859.75,284451,False
2021-04-14,857.0,874.0,857.0,865.64,281632,False
2021-04-15,870.0,870.0,858.95,860.03,87892,False
2021-04-16,868.0,868.0,858.5,860.95,43149,False
2021-04-19,850.01,862.8,840.1,855.32,246943,False
2021-04-20,860.0,873.55,853.01,863.4,243515,False
2021-04-21,869.99,869.99,850.6,852.9,125228,False
2021-04-22,852.0,854.0,844.0,845.38,210183,False
2021-04-23,842.41,849.0,835.5,845.86,163155,False
2021-04-26,845.8,878.15,841.0,867.77,934830,False
2021-04-27,866.0,872.9,857.0,860.17,396890,False
2021-04-28,862.0,871.0,851.5,854.12,374218,False
2021-04-29,855.0,859.9,845.0,845.76,197774,False
2021-04-30,855.0,855.0,835.0,838.12,140836,False
2021-05-03,838.15,842.0,824.01,832.59,271327,False
2021-05-04,835.01,851.0,835.0,847.12,155996,False
2021-05-05,848.0,857.0,848.0,855.2,157005,False
2021-05-06,859.0,884.4,859.0,878.41,897774,False
2021-05-17,920.0,920.0,906.0,913.89,2327403,False
2021-05-18,913.0,915.0,905.05,908.35,577355,False
2021-05-19,900.0,909.0,891.0,899.38,396210,False
2021-05-20,900.0,901.99,891.1,895.42,280283,False
2021-05-21,900.0,905.9,893.02,901.8,464808,False
2021-05-24,905.03,914.25,902.0,908.34,1080522,False
2021-05-25,914.0,920.0,905.55,907.05,901211,False
2021-05-26,908.0,914.0,903.0,905.81,589475,False
2021-05-27,907.05,925.0,906.0,917.27,6897768,False
2021-05-28,915.5,921.0,910.0,915.32,689178,False
2021-05-31,915.32,939.0,915.0,932.52,1026625,False
2021-06-01,933.9,945.0,931.05,940.74,385663,False
2021-06-02,941.0,941.0,915.3,934.82,528201,False
2021-06-03,933.0,936.99,910.36,916.51,710856,False
2021-06-04,921.99,921.99,912.0,915.97,332788,False
2021-06-07,919.99,921.01,911.15,914.99,291240,False
2021-06-08,914.02,919.0,912.52,916.13,236766,False
2021-06-09,919.98,919.99,910.0,914.28,385439,False
2021-06-10,913.0,918.5,912.21,914.89,345141,False
2021-06-11,918.99,918.99,907.1,911.6,373422,False
2021-06-14,919.99,923.0,913.5,918.78,221515,False
2021-06-15,920.01,929.8,910.05,911.03,362990,False
2021-06-16,914.0,916.99,909.0,910.85,373462,False
2021-06-17,914.99,924.9,912.0,913.23,521048,False
2021-06-18,918.5,933.0,915.85,925.05,523260,False
2021-06-21,923.0,923.9,912.0,912.75,266463,False
2021-06-22,917.9,918.89,908.0,909.97,202712,False
2021-06-23,909.0,917.0,901.0,902.12,236751,False
2021-06-24,902.0,908.0,900.01,905.35,296881,False
2021-06-25,912.0,913.99,875.0,880.64,820508,False
2021-06-28,880.0,880.0,858.01,861.44,779280,False
2021-06-29,866.0,873.0,863.0,865.26,290286,False
2021-06-30,868.9,875.5,860.0,863.44,252524,False
2021-07-01,866.0,894.99,865.5,888.0,468976,False
2021-07-02,891.99,912.7,890.14,895.93,638686,False
2021-07-05,894.95,899.9,878.6,881.29,123584,False
2021-07-06,888.88,898.0,875.31,880.51,545211,False
2021-07-07,884.99,884.99,871.0,878.84,301338,False
2021-07-08,884.8,910.4,884.8,908.62,861871,False
2021-07-09,910.0,919.0,886.0,888.19,339184,False
2021-07-12,890.0,892.0,880.0,881.98,250163,False
2021-07-13,888.27,889.0,870.0,881.42,154716,False
2021-07-14,885.0,891.89,880.01,886.01,162112,False
2021-07-15,889.99,893.99,884.0,889.49,127840,False
2021-07-16,892.99,924.0,889.1,911.53,1052004,False
2021-07-19,917.0,918.0,900.0,903.18,244888,False
2021-07-23,913.99,917.99,897.0,906.85,327271,False
2021-07-26,905.0,907.0,897.51,900.88,196456,False
2021-07-27,904.95,904.95,895.0,898.6,143699,False
2021-07-28,905.0,907.45,891.0,892.61,194319,False
2021-07-29,899.75,908.87,880.0,896.72,456785,False
2021-07-30,896.5,896.97,882.0,887.95,549352,False
2021-08-02,889.7,889.7,882.0,885.18,144702,False
2021-08-03,885.1,892.97,882.0,886.48,286933,False
2021-08-04,886.9,888.5,882.01,883.4,186017,False
2021-08-05,886.99,886.99,879.0,879.99,48113,False
2021-08-06,884.0,885.5,850.01,872.62,197387,False
2021-08-09,869.98,869.98,845.0,856.96,338920,False
2021-08-10,850.0,869.0,850.0,865.31,160459,False
2021-08-11,860.5,874.85,860.5,867.91,108991,False
2021-08-12,880.0,880.0,862.0,863.42,76923,False
2021-08-13,873.0,873.0,854.11,856.55,71845,False
2021-08-16,866.69,866.69,841.5,846.17,297132,False
2021-08-17,847.45,855.0,842.0,848.34,171199,False
2021-08-20,857.99,861.99,851.0,859.9,924995,False
2021-08-23,860.0,863.99,859.25,861.99,333353,False
2021-08-24,864.3,869.4,846.0,851.66,295563,False
2021-08-25,855.0,855.0,842.0,843.56,244204,False
2021-08-26,839.1,842.7,810.15,815.37,984054,False
2021-08-27,818.0,824.0,808.0,819.87,413540,False
2021-08-30,823.1,829.95,819.87,824.14,174687,False
2021-08-31,827.0,833.0,824.01,830.5,443204,False
2021-09-01,832.0,839.0,831.0,834.92,263417,False
2021-09-02,834.0,834.0,818.5,821.24,557154,False
2021-09-03,820.0,828.99,810.01,824.1,289671,False
2021-09-06,828.4,828.4,811.4,819.95,74155,False
2021-09-07,819.9,819.9,804.0,805.36,334345,False
2021-09-08,800.11,819.0,771.21,773.93,848450,False
2021-09-09,770.0,789.99,756.15,758.27,577341,False
2021-09-10,762.0,796.0,758.27,785.42,451077,False
2021-09-13,789.97,789.97,780.0,783.13,82513,False
2021-09-14,787.01,787.5,758.0,766.89,155513,False
2021-09-15,766.89,766.89,756.0,761.18,61202,False
2021-09-16,760.98,760.98,748.0,758.5,287094,False
2021-09-17,760.0,768.95,730.0,736.73,433997,False
2021-09-20,738.0,748.0,725.26,741.7,368027,False
2021-09-21,748.99,748.99,726.15,729.79,268200,False
2021-09-22,737.0,737.99,708.15,728.61,626791,False
2021-09-23,730.0,752.49,725.0,727.72,399577,False
2021-09-24,730.0,732.99,717.0,724.69,238840,False
2021-09-27,727.0,734.9,714.02,721.88,192947,False
2021-09-28,715.0,745.0,713.05,723.61,470498,False
2021-09-29,725.0,725.0,696.05,710.62,402667,False
2021-09-30,710.62,730.0,692.5,722.9,492634,False
2021-10-01,727.9,748.47,710.0,712.31,160753,False
2021-10-04,709.0,719.0,696.0,704.36,200896,False
2021-10-05,707.0,707.0,675.1,679.69,1122578,False
2021-10-06,679.0,679.9,665.6,672.76,266703,False
2021-10-07,690.01,697.9,665.0,669.02,924076,False
2021-10-08,669.0,673.5,653.0,660.48,578612,False
2021-10-11,660.0,664.9,643.05,650.69,882525,False
2021-10-12,643.01,670.0,637.0,651.81,1238174,False
2021-10-13,651.0,659.0,638.55,641.38,164529,False
2021-10-14,646.87,680.0,635.02,673.84,918101,False
2021-10-15,662.1,685.0,662.1,682.29,352699,False
2021-10-18,674.8,687.0,670.0,680.01,202071,False
2021-10-20,682.0,709.75,682.0,701.39,343774,False
2021-10-21,707.99,719.99,700.0,706.79,307469,False
2021-10-22,709.0,745.0,706.0,708.82,732945,False
2021-10-25,709.0,711.95,696.53,697.51,191304,False
2021-10-26,699.99,700.0,695.0,698.0,240836,False
2021-10-27,705.99,724.88,705.0,714.97,297062,False
2021-10-28,720.0,738.0,720.0,734.32,750317,False
2021-10-29,739.0,779.9,730.0,772.78,828696,False
2021-11-01,809.99,818.44,787.0,790.31,991896,False
2021-11-02,803.0,810.8,776.61,780.1,367916,False
2021-11-03,775.0,784.0,766.13,769.02,476503,False
2021-11-04,763.5,773.0,757.0,760.07,634670,False
2021-11-05,760.0,784.0,756.0,764.13,408144,False
2021-11-08,773.99,776.25,762.0,772.72,591594,False
2021-11-09,768.0,775.0,748.0,768.17,1144595,False
2021-11-10,771.0,774.84,758.0,763.55,411958,False
2021-11-11,766.99,768.99,753.0,756.72,128188,False
2021-11-12,765.99,765.99,736.5,740.46,220799,False
2021-11-15,748.99,748.99,726.11,731.37,206390,False
2021-11-16,739.8,769.96,733.0,761.47,460039,False
2021-11-17,765.0,765.0,731.01,737.39,368455,False
2021-11-18,740.0,760.0,732.0,754.14,699150,False
2021-11-19,762.0,773.0,749.01,768.32,491952,False
2021-11-22,771.71,772.0,730.0,733.26,771181,False
2021-11-23,735.0,739.5,712.0,719.69,507054,False
2021-11-24,727.99,727.99,690.0,691.96,913166,False
2021-11-25,699.0,699.0,668.15,681.1,926557,False
2021-11-26,681.0,709.0,671.0,693.31,953392,False
2021-11-29,696.0,735.0,691.6,725.77,783437,False
2021-11-30,728.0,744.45,704.1,713.05,8322412,False
2021-12-01,725.1,735.75,713.1,729.25,2228427,False
2021-12-02,715.0,715.0,674.56,674.56,2988066,False
2021-12-03,654.0,675.0,634.0,647.94,1516241,False
2021-12-06,654.75,658.0,641.0,651.55,286359,False
2021-12-07,652.0,670.77,651.5,663.59,402869,False
2021-12-08,663.0,666.0,649.0,650.31,459787,False
2021-12-09,655.0,655.0,622.01,630.93,715850,False
2021-12-10,632.0,637.69,608.55,634.15,785161,False
2021-12-13,639.99,648.0,624.0,631.59,522438,False
2021-12-14,638.0,648.01,626.65,640.41,686619,False
2021-12-15,672.0,688.44,665.0,685.85,1379800,False
2021-12-16,683.0,683.0,661.0,664.56,749294,False
2021-12-17,663.0,686.5,654.0,674.58,1022767,False
2021-12-20,674.58,701.0,666.01,693.74,678082,False
2021-12-21,694.0,704.9,686.0,691.09,404701,False
2021-12-22,694.0,697.0,678.5,684.48,235255,False
2021-12-23,686.0,694.99,680.26,683.66,291007,False
2021-12-24,686.0,686.9,676.0,678.35,134561,False
2021-12-27,678.1,679.9,672.62,676.52,110570,False
2021-12-28,675.25,684.0,675.06,678.37,272782,False
2021-12-29,676.25,684.0,674.29,680.85,246866,False
2021-12-30,685.99,696.0,671.15,678.28,812890,False
2021-12-31,672.0,689.95,672.0,679.28,361081,False
2022-01-03,680.0,690.5,679.99,689.09,157080,False
2022-01-04,689.0,703.0,686.0,701.27,490093,False
2022-01-05,699.0,699.0,691.6,693.79,198156,False
2022-01-06,691.8,698.99,685.0,688.28,772137,False
2022-01-07,690.0,696.0,677.02,688.59,205522,False
2022-01-10,685.05,698.0,685.05,696.65,176422,False
2022-01-11,698.0,701.99,688.0,690.03,226747,False
2022-01-12,692.0,696.0,684.0,685.26,246499,False
2022-01-13,683.0,694.97,679.5,679.94,127106,False
2022-01-14,680.0,684.98,674.5,674.92,58716,False
2022-01-17,670.0,684.9,667.0,682.66,43978,False
2022-01-18,678.01,689.89,672.55,674.59,146842,False
2022-01-19,682.0,682.0,655.0,660.16,168137,False
2022-01-20,665.0,673.99,646.8,664.26,474853,False
2022-01-21,658.0,674.0,658.0,667.7,91261,False
2022-01-24,674.85,674.85,661.1,665.22,63821,False
2022-01-25,671.0,688.0,670.0,684.93,319971,False
2022-01-26,689.75,695.0,676.5,689.37,162324,False
2022-01-27,689.0,698.0,687.0,695.19,304176,False
2022-01-28,695.0,698.89,671.11,680.79,284802,False
2022-01-31,685.0,690.0,681.0,683.12,129657,False
2022-02-01,676.5,693.0,676.5,684.38,165037,False
2022-02-02,684.0,695.0,684.0,693.2,257069,False
2022-02-03,699.0,704.75,681.01,685.39,333203,False
2022-02-04,694.0,696.75,681.01,688.73,271982,False
2022-02-07,693.98,693.98,682.52,683.28,152788,False
2022-02-08,688.0,689.0,681.33,684.44,169934,False
2022-02-09,688.0,693.5,685.01,688.11,248846,False
2022-02-10,690.0,692.5,681.5,683.39,174765,False
2022-02-11,688.99,694.0,682.1,691.95,151653,False
2022-02-14,689.98,697.88,678.0,682.34,216344,False
2022-02-15,675.1,686.9,675.1,680.89,44762,False
2022-02-16,686.8,686.8,675.01,676.89,156345,False
2022-02-17,683.8,683.8,672.0,675.52,25838,False
2022-02-18,680.9,683.95,675.6,681.68,35630,False
2022-02-21,685.7,685.7,670.5,673.19,39623,False
2022-02-22,675.7,675.7,650.0,661.83,217890,False
2022-02-23,668.0,670.0,655.0,665.36,154698,False
2022-02-24,650.0,653.5,630.11,635.18,623015,False
2022-02-25,645.0,646.0,630.0,633.51,256634,False
2022-02-28,640.0,663.0,622.15,648.98,279974,False
2022-03-01,664.99,664.99,640.0,641.63,233330,False
2022-03-02,638.0,638.0,616.01,624.87,465956,False
2022-03-03,623.0,624.0,613.26,616.68,172958,False
2022-03-04,619.99,626.4,617.0,619.27,124666,False
2022-03-07,615.61,615.61,573.0,575.19,1000914,False
2022-03-08,573.9,579.98,559.0,561.8,343539,False
2022-03-09,559.99,573.0,545.5,552.6,834109,False
2022-03-10,561.01,593.0,561.01,590.33,689365,False
2022-03-11,587.0,593.0,571.5,575.08,249060,False
2022-03-14,575.0,575.0,564.0,570.48,114283,False
2022-03-15,573.75,584.4,573.5,583.49,110835,False
2022-03-16,584.0,602.0,584.0,586.67,331888,False
2022-03-17,593.98,595.0,583.0,584.58,115120,False
2022-03-18,576.2,585.0,566.0,567.63,236748,False
2022-03-21,574.0,582.89,565.0,577.58,189401,False
2022-03-22,577.58,579.99,570.01,571.99,138961,False
2022-03-24,576.0,588.0,565.77,585.08,154423,False
2022-03-25,585.0,599.99,583.0,597.67,237374,False
2022-03-28,597.0,620.5,587.0,617.71,486774,False
2022-03-29,623.85,635.0,620.0,629.89,293816,False
2022-03-30,627.98,644.0,612.1,631.69,428413,False
2022-03-31,627.0,639.0,627.0,636.35,237486,False
2022-04-01,636.35,650.0,631.1,643.64,640614,False
2022-04-04,625.0,625.0,595.37,597.91,773433,False
2022-04-05,595.5,602.0,582.55,586.04,586557,False
2022-04-06,590.0,597.0,582.0,584.43,437823,False
2022-04-07,587.7,588.0,566.12,576.83,615200,False
2022-04-08,585.0,599.0,581.01,591.84,355743,False
2022-04-11,619.99,634.0,614.01,626.22,1326877,False
2022-04-12,625.0,630.0,618.0,624.38,410932,False
2022-04-13,622.0,623.0,609.0,611.74,255441,False
2022-04-14,607.01,616.0,606.15,612.11,163772,False
2022-04-15,615.0,622.0,608.0,609.61,134713,False
2022-04-18,600.1,610.0,600.0,602.21,135633,False
2022-04-19,604.5,611.0,593.0,596.76,183573,False
2022-04-20,606.99,606.99,587.51,590.52,111763,False
2022-04-21,587.1,590.0,580.0,586.81,131919,False
2022-04-22,592.0,592.0,582.15,584.59,122829,False
2022-04-25,590.01,602.0,583.2,586.02,248219,False
2022-04-26,587.99,588.0,577.0,578.08,162541,False
2022-04-27,578.5,584.0,569.88,571.12,147723,False
2022-04-28,570.0,574.0,558.01,566.77,375946,False
2022-05-06,566.77,566.77,558.0,560.42,172193,False
2022-05-09,560.0,560.0,518.39,518.88,749730,False
2022-05-10,523.0,523.0,511.5,515.77,407950,False
2022-05-11,517.95,517.95,485.6,509.34,858962,False
2022-05-12,517.0,520.0,495.01,514.54,386732,False
2022-05-13,510.4,526.0,508.01,523.33,347756,False
2022-05-16,512.1,523.33,495.0,502.17,470411,False
2022-05-17,504.99,505.0,493.0,495.76,371167,False
2022-05-18,498.0,508.4,487.0,505.61,393915,False
2022-05-19,500.0,511.0,500.0,501.87,319048,False
2022-05-20,505.7,505.99,497.1,502.79,151704,False
2022-05-23,500.01,500.01,476.0,479.25,806613,False
2022-05-24,479.25,483.0,467.01,468.07,538131,False
2022-05-25,470.0,479.0,454.51,469.72,721180,False
2022-05-26,467.4,485.1,462.0,481.51,393385,False
2022-05-27,490.0,503.0,483.0,485.85,711969,False
2022-05-30,488.0,496.88,485.01,488.64,129320,False
2022-05-31,494.0,494.0,469.0,472.24,319595,False
2022-06-01,474.96,474.96,463.0,464.21,269688,False
2022-06-02,468.0,468.0,450.0,452.01,501793,False
2022-06-03,449.0,453.0,434.0,436.17,401893,False
2022-06-06,438.0,451.0,430.99,444.91,320121,False
2022-06-07,448.0,453.6,442.6,448.27,304631,False
2022-06-08,445.01,476.0,440.52,465.05,1183064,False
2022-06-09,471.0,472.0,462.0,464.78,415877,False
2022-06-10,468.8,473.0,462.0,467.18,420217,False
2022-06-13,466.1,466.1,444.0,451.02,716623,False
2022-06-14,447.5,451.6,443.0,448.2,441663,False
2022-06-15,451.99,459.49,450.99,453.68,533921,False
2022-06-16,450.02,459.5,448.05,458.35,452041,False
2022-06-17,459.98,469.0,457.9,463.79,677307,False
2022-06-20,466.0,468.5,450.01,453.2,404493,False
2022-06-21,454.0,467.0,451.11,464.76,907649,False
2022-06-22,467.0,469.0,457.55,459.7,579775,False
2022-06-23,461.0,468.0,460.51,461.9,403926,False
2022-06-24,461.9,463.0,427.26,436.17,874681,False
2022-06-27,437.99,450.0,436.0,447.08,621735,False
2022-06-28,448.0,475.0,447.0,460.47,1000421,False
2022-06-29,452.91,464.99,449.01,457.51,899482,False
2022-06-30,457.5,466.0,450.1,459.04,1584750,False
2022-07-01,458.0,458.5,451.03,452.69,159303,False
2022-07-04,450.5,457.9,439.4,440.32,436179,False
2022-07-05,441.5,444.0,433.8,435.31,146781,False
2022-07-06,439.9,443.95,435.6,437.12,324177,False
2022-07-07,439.5,440.02,434.0,435.4,133871,False
2022-07-13,434.99,447.0,430.11,444.83,484102,False
2022-07-14,451.0,458.9,443.0,456.44,750348,False
2022-07-15,458.5,463.0,445.6,451.28,586724,False
2022-07-18,440.0,445.0,433.0,436.12,328980,False
2022-07-19,436.0,439.98,423.5,427.7,318493,False
2022-07-20,430.89,433.5,425.0,428.15,226004,False
2022-07-21,430.0,430.95,422.0,423.2,223965,False
2022-07-22,425.99,427.0,407.31,418.96,560455,False
2022-07-25,415.0,417.99,411.51,414.79,150708,False
2022-07-26,416.99,421.88,409.0,414.41,358293,False
2022-07-27,414.41,417.99,411.0,415.68,282249,False
2022-07-28,417.97,423.9,415.0,416.24,509039,False
2022-07-29,418.0,418.0,410.03,411.93,187844,False
2022-08-01,412.0,415.9,409.01,413.8,109858,False
2022-08-02,413.8,421.0,409.12,417.12,254715,False
2022-08-03,419.99,448.35,416.06,441.55,1174910,False
2022-08-04,442.1,454.95,442.1,452.17,794586,False
2022-08-05,454.99,474.9,454.99,466.15,1830646,False
2022-08-10,471.0,476.89,458.0,461.49,1213367,False
2022-08-11,462.0,467.67,459.0,464.49,572770,False
2022-08-12,464.0,465.0,460.0,463.3,504503,False
2022-08-15,465.0,480.5,462.55,473.97,2317379,False
2022-08-16,475.0,489.45,473.25,479.83,2561946,False
2022-08-17,482.0,505.43,478.2,498.29,1947928,False
2022-08-18,502.99,511.0,495.0,500.68,1220122,False
2022-08-19,495.11,498.41,490.3,492.89,330146,False
2022-08-22,492.8,493.89,485.0,490.56,512742,False
2022-08-23,497.0,521.87,495.99,518.07,2185086,False
2022-08-24,522.0,527.0,507.0,509.58,1021093,False
2022-08-25,507.0,526.9,501.0,520.81,1970583,False
2022-08-26,540.0,540.0,517.01,518.78,2097136,False
2022-08-29,517.0,517.0,497.21,511.57,1300134,False
2022-08-30,518.9,521.5,507.0,509.89,1033635,False
2022-08-31,508.99,519.5,507.1,516.72,572071,False
2022-09-01,518.98,529.51,516.72,523.37,1142761,False
2022-09-02,522.0,526.45,518.0,520.74,391581,False
2022-09-05,519.95,524.5,513.6,517.11,485020,False
2022-09-06,516.0,516.0,509.0,512.28,201540,False
2022-09-07,519.9,520.0,507.02,508.21,137412,False
2022-09-08,511.01,517.89,510.5,514.57,413770,False
2022-09-09,516.0,520.0,513.5,514.54,346278,False
2022-09-12,516.0,518.99,510.0,512.28,155566,False
2022-09-13,513.4,516.7,512.53,513.4,191115,False
2022-09-14,513.4,515.75,510.0,512.81,157459,False
2022-09-15,514.0,523.35,509.5,510.97,922911,False
2022-09-16,511.08,515.2,506.8,508.17,411958,False
2022-09-19,511.69,511.69,500.0,501.99,174812,False
2022-09-20,503.9,503.98,491.5,492.78,427623,False
2022-09-21,494.99,495.99,481.0,483.43,428667,False
2022-09-22,480.0,489.74,473.05,488.23,512537,False
2022-09-23,493.9,494.05,477.05,479.65,338713,False
2022-09-26,481.0,493.0,470.0,485.93,1740483,False
2022-09-27,490.0,498.65,486.0,493.54,1112140,False
2022-09-28,495.9,503.5,494.05,495.99,780047,False
2022-09-29,497.79,505.99,492.0,502.99,996340,False
2022-09-30,501.0,507.9,491.11,496.56,836928,False
2022-10-03,498.89,498.89,492.05,494.23,170261,False
2022-10-04,496.2,511.0,495.33,505.93,1611597,False
2022-10-05,510.0,518.89,507.8,516.76,1329524,False
2022-10-06,519.98,523.0,512.13,513.04,661341,False
2022-10-07,510.9,520.9,510.15,511.86,823970,False
2022-10-10,514.0,517.5,510.5,514.59,508375,False
2022-10-11,516.0,517.1,510.2,513.44,333876,False
2022-10-12,515.5,520.0,512.0,513.5,363242,False
2022-10-13,514.01,517.09,510.9,512.57,186571,False
2022-10-14,516.99,516.99,511.01,512.41,206757,False
2022-10-17,514.89,514.9,509.7,510.42,393801,False
2022-10-18,511.52,515.49,506.99,509.69,411636,False
2022-10-19,513.0,515.9,510.5,513.72,367206,False
2022-10-20,516.0,516.0,512.0,512.08,241135,False
2022-10-21,513.99,514.9,508.1,512.9,186632,False
2022-10-24,518.0,518.0,510.51,511.03,383182,False
2022-10-25,513.5,513.5,506.0,508.01,212600,False
2022-10-26,503.25,506.92,494.5,497.58,377351,False
2022-10-27,493.0,499.39,491.0,493.08,346580,False
2022-10-28,494.9,494.99,478.23,480.65,225543,False
2022-10-31,488.0,488.0,481.0,485.28,121323,False
2022-11-01,493.74,494.0,486.08,492.37,442507,False
2022-11-02,492.0,492.98,485.2,489.62,160234,False
2022-11-03,489.0,494.75,488.5,489.91,351219,False
2022-11-04,485.1,487.99,482.0,483.22,246243,False
2022-11-07,484.0,489.0,483.0,483.63,98708,False
2022-11-08,488.85,491.4,487.0,489.36,351961,False
2022-11-10,491.9,493.7,488.0,490.87,467304,False
2022-11-11,492.0,493.0,488.5,490.6,153631,False
2022-11-14,489.97,490.5,482.0,489.08,134335,False
2022-11-15,488.2,493.4,485.0,485.75,418803,False
2022-11-16,489.88,489.88,482.99,486.99,80738,False
2022-11-17,488.99,490.28,486.01,487.79,255538,False
2022-11-18,489.93,489.93,485.0,487.93,193130,False
2022-11-21,484.0,488.5,483.3,485.62,132352,False
2022-11-22,486.0,491.89,484.0,487.53,360017,False
2022-11-23,489.0,489.9,486.0,487.15,50250,False
2022-11-24,487.15,491.0,485.01,487.17,255363,False
2022-11-25,492.0,492.0,482.67,484.23,168456,False
2022-11-28,471.0,471.0,455.5,458.16,771415,False
2022-11-29,459.0,468.0,458.16,467.24,411514,False
2022-11-30,467.89,475.0,462.9,472.79,684044,False
2022-12-01,476.9,476.9,467.51,468.86,136907,False
2022-12-02,472.0,472.0,456.2,457.84,278964,False
2022-12-05,459.9,461.0,439.0,442.09,309108,False
2022-12-06,444.0,446.0,437.0,443.37,199196,False
2022-12-07,445.01,454.98,443.0,453.59,301492,False
2022-12-08,446.0,455.0,446.0,451.93,245334,False
2022-12-09,452.0,455.0,447.02,453.14,127260,False
2022-12-12,451.01,454.0,451.0,453.37,207454,False
2022-12-13,451.01,456.94,451.01,453.28,179888,False
2022-12-14,454.99,455.0,451.5,453.77,192677,False
2022-12-15,454.98,455.9,447.0,450.77,425421,False
2022-12-16,454.8,454.9,445.11,450.52,295909,False
2022-12-19,449.44,450.98,441.01,441.66,66256,False
2022-12-20,445.88,450.0,408.66,422.15,490607,False
2022-12-21,424.0,433.49,415.05,430.98,435092,False
2022-12-22,435.0,442.99,430.01,438.92,218019,False
2022-12-23,440.01,440.01,425.01,429.93,200230,False
2022-12-26,439.79,453.0,421.55,435.26,157423,False
2022-12-27,437.98,438.0,432.2,434.58,113322,False
2022-12-28,435.99,435.99,427.0,431.48,322464,False
2022-12-29,434.9,450.0,428.12,446.96,489376,False
2022-12-30,454.0,454.0,442.01,446.58,47928,False
2023-01-02,447.75,448.48,437.0,439.25,73567,False
2023-01-03,440.0,440.0,430.0,431.4,189273,False
2023-01-04,434.9,436.0,428.01,432.61,379679,False
2023-01-05,431.5,436.5,429.0,430.74,138474,False
2023-01-06,430.0,438.0,428.0,433.11,241503,False
2023-01-09,432.0,433.9,422.0,423.59,478912,False
2023-01-10,426.9,439.25,426.9,436.72,594843,False
2023-01-11,437.0,439.98,432.03,433.83,443762,False
2023-01-12,433.0,447.0,431.0,435.62,343433,False
2023-01-13,431.01,436.79,427.0,428.18,137109,False
2023-01-16,427.0,429.0,419.5,420.27,81708,False
2023-01-17,425.0,425.0,390.0,391.73,1268802,False
2023-01-18,390.0,401.0,386.01,399.71,264057,False
2023-01-19,400.5,404.0,390.1,391.96,196907,False
2023-01-20,398.67,398.67,380.7,383.9,265883,False
2023-01-23,377.0,391.98,377.0,389.16,79978,False
2023-01-24,391.8,397.01,375.55,393.82,345277,False
2023-01-25,395.5,404.0,394.0,396.82,414048,False
2023-01-26,399.0,412.0,396.0,404.83,1246390,False
2023-01-27,405.0,406.5,396.0,397.93,164850,False
2023-01-30,399.99,404.84,394.0,395.16,132553,False
2023-01-31,396.98,409.9,395.15,408.75,550034,False
2023-02-01,412.89,412.89,402.53,405.07,181757,False
2023-02-02,407.5,418.5,402.04,416.77,508311,False
2023-02-03,411.89,418.8,411.89,413.59,124295,False
2023-02-06,418.0,426.9,412.0,423.38,355686,False
2023-02-07,424.9,431.9,416.6,419.64,354070,False
2023-02-08,422.79,423.65,416.3,420.94,276397,False
2023-02-09,423.0,434.0,423.0,430.19,1162792,False
2023-02-10,430.0,430.0,413.12,414.21,1153956,False
2023-02-13,410.0,420.0,410.0,415.92,158136,False
2023-02-14,415.97,417.0,407.6,411.44,300432,False
2023-02-15,417.69,419.0,405.51,416.32,357696,False
2023-02-16,413.0,419.97,409.0,409.97,448344,False
2023-02-17,406.12,413.5,406.0,410.99,60049,False
2023-02-20,408.0,410.87,403.51,409.29,194413,False
2023-02-21,414.77,414.77,407.0,413.35,82515,False
2023-02-22,415.0,417.0,412.0,415.61,570180,False
2023-02-23,414.0,415.89,408.44,413.99,859992,False
2023-02-24,416.8,419.9,406.0,415.76,393219,False
2023-02-27,415.0,418.0,410.11,413.93,719757,False
2023-02-28,414.0,417.88,409.5,413.66,446097,False
2023-03-01,413.5,413.5,407.0,407.92,682583,False
2023-03-02,401.01,411.5,395.11,396.79,368237,False
2023-03-03,392.0,406.5,390.11,404.74,324469,False
2023-03-06,406.9,411.0,404.75,410.23,225792,False
2023-03-07,413.54,417.5,402.01,413.3,271139,False
2023-03-08,417.78,418.9,415.0,416.97,355037,False
2023-03-09,418.0,422.35,415.26,420.3,583727,False
2023-03-10,422.5,423.88,418.1,421.33,323838,False
2023-03-13,422.9,425.0,421.19,421.86,387649,False
2023-03-14,423.0,423.0,414.6,415.11,203183,False
2023-03-15,416.88,431.9,412.0,424.5,1225873,False
2023-03-16,426.0,432.89,424.14,426.27,481208,False
2023-03-17,426.95,426.95,419.12,420.02,784196,False
2023-03-20,421.95,422.0,415.0,415.68,40588,False
2023-03-21,419.4,419.4,412.52,413.52,57896,False
2023-03-22,415.0,415.0,405.0,406.35,123447,False
2023-03-24,408.0,408.0,400.8,402.9,93925,False
2023-03-27,407.9,407.9,390.11,403.86,50233,False
2023-03-28,410.0,410.0,399.1,400.42,188397,False
2023-03-29,402.0,404.49,395.0,396.1,132665,False
2023-03-30,400.0,400.0,396.0,398.01,82490,False
2023-03-31,399.99,406.88,395.0,402.44,927557,False
2023-04-03,404.0,404.0,399.1,400.01,34948,False
2023-04-04,401.0,404.97,396.11,401.92,75944,False
2023-04-05,404.9,404.94,401.02,402.91,44633,False
2023-04-06,402.91,409.9,402.9,409.86,92124,False
2023-04-07,415.0,415.0,401.0,404.38,53116,False
2023-04-10,406.99,406.99,391.0,399.95,85550,False
2023-04-11,400.0,400.0,396.1,399.1,25660,False
2023-04-12,402.99,403.0,395.0,398.37,89374,False
2023-04-13,401.11,403.97,398.37,402.21,60563,False
2023-04-17,405.08,405.08,396.0,396.95,57502,False
2023-04-18,396.95,399.9,392.5,392.97,101026,False
2023-04-19,392.97,397.99,392.89,394.74,37401,False
2023-04-20,394.99,402.0,393.0,400.66,210004,False
2023-04-26,403.0,407.0,395.0,396.96,168959,False
2023-04-27,398.0,403.99,395.99,402.03,199552,False
2023-04-28,403.0,405.0,398.32,401.17,119995,False
2023-05-02,416.0,431.25,416.0,431.25,769270,False
2023-05-03,445.05,463.59,445.0,458.3,2448615,False
2023-05-04,458.49,464.89,455.11,456.38,588714,False
2023-05-05,458.59,458.59,450.03,455.4,319493,False
2023-05-08,455.3,457.98,446.0,447.06,296957,False
2023-05-09,447.0,453.4,440.25,443.2,764925,False
2023-05-10,442.0,453.79,432.1,444.35,600790,False
2023-05-11,449.0,459.0,444.35,457.49,573903,False
2023-05-12,460.0,467.97,454.6,464.9,704003,False
2023-05-15,466.0,468.0,461.0,466.92,235186,False
2023-05-16,472.75,474.35,467.0,467.38,381577,False
2023-05-17,469.0,469.9,461.05,465.79,176808,False
2023-05-18,467.0,473.02,467.0,468.62,233493,False
2023-05-19,469.0,474.74,462.0,471.74,245236,False
2023-05-22,472.0,473.69,468.0,471.24,166476,False
2023-05-23,471.0,474.5,469.0,469.79,172517,False
2023-05-24,471.0,472.95,467.5,469.12,164001,False
2023-05-25,470.95,482.3,470.0,477.86,779713,False
2023-05-26,484.96,513.7,481.01,507.3,1641016,False
2023-05-29,513.0,524.24,510.5,513.4,1422158,False
2023-05-30,516.0,541.0,513.9,537.02,1645312,False
2023-05-31,537.25,539.0,513.0,515.85,1234159,False
2023-06-01,515.0,524.49,511.01,516.62,674562,False
2023-06-02,516.99,521.67,514.0,515.6,397315,False
2023-06-05,517.9,517.9,507.9,511.99,256167,False
2023-06-06,510.99,520.0,510.11,514.96,348203,False
2023-06-07,514.98,516.6,513.0,514.62,184830,False
2023-06-08,515.0,518.0,506.01,507.96,251793,False
2023-06-09,507.99,511.0,502.0,508.2,253503,False
2023-06-12,509.88,538.6,507.0,526.21,1408856,False
2023-06-13,528.89,532.0,510.06,511.26,782207,False
2023-06-14,513.9,518.7,509.3,512.15,314140,False
2023-06-15,511.0,520.0,501.9,511.5,1049027,False
2023-06-16,515.97,518.0,510.1,511.26,391567,False
2023-06-19,514.0,517.0,510.5,511.65,722738,False
2023-06-20,512.0,515.49,511.75,512.69,272018,False
2023-06-21,513.99,516.4,512.0,512.76,948588,False
2023-06-22,514.99,515.99,509.7,513.16,419280,False
2023-06-23,514.8,515.0,509.7,512.74,367898,False
2023-06-26,515.0,531.38,515.0,525.32,680316,False
2023-06-27,524.0,526.75,519.0,522.09,650584,False
2023-07-03,561.25,561.25,550.5,561.25,859865,False
2023-07-04,560.96,562.0,545.6,546.9,675892,False
2023-07-05,550.0,553.0,537.0,542.83,395836,False
2023-07-06,542.0,560.0,542.0,558.48,1058917,False
2023-07-07,559.95,560.5,553.6,556.11,309988,False
2023-07-10,557.0,564.98,554.99,557.29,395488,False
2023-07-11,563.8,573.0,560.5,567.5,1221868,False
2023-07-12,572.0,580.99,568.0,578.65,1069596,False
2023-07-13,578.0,589.0,573.0,581.87,948748,False
2023-07-14,581.0,588.0,575.11,579.72,269911,False
2023-07-17,579.0,584.0,578.1,581.33,357194,False
2023-07-18,582.98,585.55,578.2,582.44,505087,False
2023-07-19,582.4,582.4,579.0,581.64,685888,False
2023-07-20,582.2,588.0,581.31,583.29,268563,False
2023-07-21,584.5,585.0,581.13,583.02,597692,False
2023-07-24,585.0,585.5,578.0,582.95,349531,False
2023-07-25,583.01,585.09,581.1,582.91,190985,False
2023-07-26,583.02,585.99,583.0,584.04,563427,False
2023-07-27,582.0,588.7,582.0,587.0,363643,False
2023-07-31,584.0,594.1,584.0,588.54,425780,False
2023-08-01,599.49,602.0,591.99,592.36,226478,False
2023-08-02,591.0,594.9,585.51,592.53,550226,False
2023-08-03,594.5,603.0,593.01,599.33,1444559,False
2023-08-04,600.02,608.99,600.0,603.47,397121,False
2023-08-07,604.8,609.5,600.0,607.59,368184,False
2023-08-08,615.5,622.4,602.0,602.32,688322,False
2023-08-09,602.0,609.4,602.0,608.04,355816,False
2023-08-10,608.0,618.39,605.0,611.15,325885,False
2023-08-11,614.53,621.0,611.21,615.66,432893,False
2023-08-15,616.98,626.48,612.75,623.09,568715,False
2023-08-16,622.0,630.42,620.0,626.57,375037,False
2023-08-17,621.05,628.0,619.01,623.72,189029,False
2023-08-18,623.4,626.98,613.25,613.96,242180,False
2023-08-21,615.0,616.95,605.25,605.73,1269644,False
2023-08-22,607.9,608.85,601.5,602.62,266037,False
2023-08-23,602.62,606.0,599.0,600.86,1091219,False
2023-08-24,602.98,604.4,600.01,600.67,98546,False
2023-08-25,603.99,603.99,598.11,600.18,246217,False
2023-08-28,592.21,599.87,588.01,590.22,184495,False
2023-08-29,591.49,591.49,582.9,585.07,519740,False
2023-08-30,587.94,587.94,579.0,580.48,717026,False
2023-08-31,581.0,581.0,551.01,560.28,584526,False
2023-09-01,555.0,558.0,545.52,555.2,103922,False
2023-09-04,559.9,563.0,556.0,560.25,92751,False
2023-09-05,563.24,568.3,553.5,555.38,170408,False
2023-09-06,555.38,558.0,551.11,553.51,202435,False
2023-09-07,553.5,557.87,537.0,538.47,396368,False
2023-09-08,540.0,547.4,535.1,543.71,101036,False
2023-09-11,545.0,546.94,539.22,541.79,92726,False
2023-09-12,544.0,544.0,530.6,531.92,178908,False
2023-09-13,532.01,547.89,532.01,544.95,861488,False
2023-09-14,520.55,534.0,520.55,524.71,69164,False
2023-09-15,537.9,548.0,536.0,543.55,472615,False
2023-09-18,542.0,544.8,536.1,539.62,65193,False
2023-09-19,543.69,543.69,535.0,537.14,42243,False
2023-09-20,539.74,539.94,535.0,535.91,38215,False
2023-09-21,537.68,559.0,535.05,550.08,480606,False
2023-09-22,562.0,562.0,549.2,550.63,182247,False
2023-09-25,549.0,557.99,546.01,556.08,185224,False
2023-09-26,556.37,561.25,552.0,559.17,96699,False
2023-09-27,561.9,565.0,554.1,560.57,264545,False
2023-09-28,564.86,566.8,560.0,564.34,289922,False
2023-10-02,566.0,566.98,561.5,564.41,355778,False
2023-10-03,565.05,569.98,564.14,567.86,107305,False
2023-10-04,566.0,571.4,565.25,569.79,131821,False
2023-10-05,570.98,585.97,570.98,581.75,543549,False
2023-10-06,583.99,583.99,576.6,580.18,74338,False
2023-10-09,581.9,581.9,571.1,580.28,152817,False
2023-10-10,583.0,589.0,580.2,582.74,127858,False
2023-10-11,582.99,583.0,578.0,581.06,94306,False
2023-10-12,581.0,590.24,580.6,585.08,252443,False
2023-10-13,585.1,594.0,583.26,592.44,230267,False
2023-10-16,592.45,596.25,585.26,587.71,147814,False
2023-10-17,587.75,595.0,585.0,592.44,355337,False
2023-10-18,590.0,597.9,590.0,595.93,584167,False
2023-10-19,599.0,599.89,585.0,596.25,140611,False
2023-10-20,596.25,609.98,596.25,605.25,501836,False
2023-10-23,607.99,609.75,604.01,607.24,325149,False
2023-10-24,604.5,609.95,601.2,609.34,179869,False
2023-10-25,607.0,615.1,604.1,606.44,231056,False
2023-10-26,609.9,613.2,607.02,609.36,133758,False
2023-10-27,609.0,613.9,607.0,612.57,165113,False
2023-10-30,616.51,635.5,616.51,632.77,834181,False
2023-10-31,634.7,636.1,622.0,634.48,282880,False
2023-11-01,636.0,639.1,627.0,638.05,144422,False
2023-11-02,638.49,660.4,638.49,656.99,1100811,False
2023-11-03,662.0,675.7,661.0,664.65,571900,False
2023-11-06,670.0,697.5,665.52,693.02,2021377,False
2023-11-07,697.0,721.3,697.0,719.18,2462291,False
2023-11-08,722.0,730.0,713.0,718.42,963437,False
2023-11-10,715.0,726.89,715.0,720.46,471517,False
2023-11-13,724.9,742.5,718.14,740.47,3361343,False
2023-11-14,740.0,742.5,727.5,730.51,676734,False
2023-11-15,733.0,735.0,718.0,720.04,322895,False
2023-11-16,724.0,729.49,715.0,717.01,1148854,False
2023-11-17,721.98,721.98,696.17,698.19,1488809,False
2023-11-20,697.0,704.0,678.0,681.73,198775,False
2023-11-21,684.0,700.0,677.1,691.43,287561,False
2023-11-22,695.0,721.0,680.02,716.28,622942,False
2023-11-23,718.4,732.0,718.4,727.0,740312,False
2023-11-24,728.1,731.98,716.0,717.69,616218,False
2023-11-27,715.1,735.0,715.1,730.06,787142,False
2023-11-28,731.05,774.0,731.05,761.29,1211459,False
2023-11-29,770.0,795.0,746.01,756.49,1012419,False
2023-11-30,760.0,790.0,760.0,786.98,1703620,False
2023-12-01,790.0,821.0,778.0,818.48,1087043,False
2023-12-04,821.0,830.0,800.0,814.38,901765,False
2023-12-05,815.0,815.0,797.4,803.44,685811,False
2023-12-06,805.0,815.0,804.8,808.9,397787,False
2023-12-07,813.0,816.9,791.15,797.84,487629,False
2023-12-08,800.0,800.1,792.0,794.1,433520,False
2023-12-11,797.9,797.9,784.0,787.26,392034,False
2023-12-12,787.0,810.0,786.1,807.98,521519,False
2023-12-13,812.0,824.97,801.0,807.43,565497,False
2023-12-14,810.0,815.02,797.0,812.81,201792,False
2023-12-15,805.01,822.95,803.13,810.06,408502,False
2023-12-18,815.0,816.89,795.15,797.34,334800,False
2023-12-19,797.0,798.01,779.99,783.01,408098,False
2023-12-20,789.99,789.99,748.05,767.5,494419,False
2023-12-21,771.0,777.0,752.0,773.22,352825,False
2023-12-22,776.0,777.0,761.1,764.27,86342,False
2023-12-26,764.0,784.0,730.0,743.58,337223,False
2023-12-27,738.02,764.0,731.5,761.16,362552,False
2023-12-28,763.0,797.88,758.9,783.36,548039,False
2023-12-29,785.0,791.9,773.01,786.98,299457,False
2024-01-01,790.11,813.0,790.11,810.68,336708,False
2024-01-02,812.99,817.97,795.13,800.12,367894,False
2024-01-03,802.0,811.87,794.0,803.44,454598,False
2024-01-04,806.5,806.94,788.5,794.39,464841,False
2024-01-05,797.0,800.0,786.5,789.75,135389,False
2024-01-08,786.0,794.0,784.98,786.81,241393,False
2024-01-09,792.0,796.0,782.0,784.94,84690,False
2024-01-10,789.8,791.47,777.0,780.77,124079,False
2024-01-11,781.0,796.0,781.0,789.85,271791,False
2024-01-12,790.0,804.9,784.0,788.06,578034,False
2024-01-15,793.0,795.11,777.3,779.92,277798,False
2024-01-16,780.0,784.0,770.01,772.46,122914,False
2024-01-17,775.0,778.86,760.0,762.97,146828,False
2024-01-18,769.4,769.4,745.0,751.13,165509,False
2024-01-19,757.0,760.0,745.0,749.47,113375,False
2024-01-22,756.99,756.99,745.5,750.65,56211,False
2024-01-23,753.0,753.0,737.05,741.32,422233,False
2024-01-24,742.9,764.85,740.02,750.17,405717,False
2024-01-25,752.2,761.98,747.0,749.67,244876,False
2024-01-26,752.1,760.89,741.0,743.72,334711,False
2024-01-29,743.79,748.0,739.07,740.46,340467,False
2024-01-30,744.98,745.0,730.1,733.26,283673,False
2024-01-31,734.0,767.0,726.0,733.97,125804,False
2024-02-01,741.0,746.67,717.0,727.13,341664,False
2024-02-02,734.0,746.0,723.0,741.45,251072,False
2024-02-06,743.1,751.0,741.5,749.49,213471,False
2024-02-07,754.94,758.0,750.0,755.32,155916,False
2024-02-09,746.1,754.0,720.0,747.01,310675,False
2024-02-12,745.0,746.49,710.35,721.87,317638,False
2024-02-13,710.5,727.9,698.0,722.71,499121,False
2024-02-14,729.0,741.98,727.66,730.33,123083,False
2024-02-15,738.0,738.87,720.01,723.24,142380,False
2024-02-16,725.0,725.0,700.03,703.45,183662,False
2024-02-19,704.0,718.0,693.8,710.62,139861,False
2024-02-20,713.0,716.95,697.01,699.89,129391,False
2024-02-21,705.01,728.0,705.01,725.72,182507,False
2024-02-22,730.0,730.0,714.0,716.38,152491,False
2024-02-23,720.0,741.0,710.0,728.56,413445,False
2024-02-26,729.0,760.0,729.0,733.63,352438,False
2024-02-27,733.0,743.5,730.0,736.35,224226,False
2024-02-28,733.0,769.87,733.0,760.88,288583,False
2024-02-29,755.0,780.0,749.0,752.38,268473,False
2024-03-01,755.0,758.0,744.02,747.07,170588,False
2024-03-04,756.0,764.99,748.72,763.88,181396,False
2024-03-05,768.0,772.0,756.02,763.74,167621,False
2024-03-06,765.0,768.0,757.06,758.78,100091,False
2024-03-07,764.88,764.88,748.02,752.89,204927,False
2024-03-08,752.89,769.0,752.0,757.98,93203,False
2024-03-11,764.0,774.0,756.01,763.06,388908,False
2024-03-12,768.99,768.99,755.0,758.71,143115,False
2024-03-13,763.99,763.99,753.0,754.95,93099,False
2024-03-14,710.53,769.0,710.53,765.1,165575,False
2024-03-15,769.0,779.85,761.01,775.1,358248,False
2024-03-18,774.74,778.89,757.86,761.75,83479,False
2024-03-19,768.88,768.88,759.07,762.9,104882,False
2024-03-20,769.0,769.77,757.86,762.3,47462,False
2024-03-21,767.0,767.19,745.02,751.07,272994,False
2024-03-22,756.9,761.99,745.04,747.35,47870,False
2024-03-25,752.99,752.99,735.15,740.08,119932,False
2024-03-26,749.4,754.0,743.0,750.82,46839,False
2024-03-27,752.05,763.0,752.05,760.38,55438,False
2024-03-28,761.0,772.1,761.0,769.71,89014,False
2024-03-29,770.0,778.98,760.01,764.98,54348,False
2024-04-01,756.1,772.0,753.32,756.65,74041,False
2024-04-02,759.99,764.7,751.52,762.19,62737,False
2024-04-03,762.0,799.95,757.01,798.66,316381,False
2024-04-04,801.3,804.99,786.5,791.08,110907,False
2024-04-08,792.0,801.0,783.04,799.64,116878,False
2024-04-09,800.0,811.0,794.34,796.58,108312,False
2024-04-15,789.55,804.0,788.85,799.62,138491,False
2024-04-16,800.0,812.0,795.5,800.03,256560,False
2024-04-17,800.03,809.0,797.3,804.15,134742,False
2024-04-18,805.77,805.77,786.15,791.77,146719,False
2024-04-19,797.0,797.0,787.0,788.52,53963,False
2024-04-22,788.5,814.0,788.5,806.26,187168,False
2024-04-23,806.0,834.9,806.0,826.19,383432,False
2024-04-24,825.0,875.0,825.0,859.9,659963,False
2024-04-25,843.0,873.97,843.0,847.51,232047,False
2024-04-26,847.49,866.0,841.0,863.76,221777,False
2024-04-29,867.5,870.7,842.0,846.67,128096,False
2024-04-30,839.99,858.0,834.5,837.65,252683,False
2024-05-02,838.1,855.0,832.05,836.73,447573,False
2024-05-03,839.79,852.0,837.01,848.81,256691,False
2024-05-06,855.0,864.9,850.0,860.0,274088,False
2024-05-07,860.0,870.0,850.0,853.69,182509,False
2024-05-08,857.99,858.79,840.21,842.11,54435,False
2024-05-09,848.0,848.0,830.3,836.11,263201,False
2024-05-10,844.0,874.0,841.0,862.23,560989,False
2024-05-13,864.0,887.0,860.0,866.72,445005,False
2024-05-14,870.0,882.0,869.0,879.57,311745,False
2024-05-15,880.0,913.0,880.0,893.06,443988,False
2024-05-16,893.98,902.0,887.01,891.94,221413,False
2024-05-17,894.0,903.0,881.1,886.68,139452,False
2024-05-20,889.9,899.0,870.6,884.08,264729,False
2024-05-21,884.08,888.88,875.0,882.1,193024,False
2024-05-22,865.75,884.9,865.75,875.89,274529,False
2024-05-23,876.99,879.98,870.05,872.43,42404,False
2024-05-24,873.0,901.0,871.79,890.48,241438,False
2024-05-27,891.8,898.0,887.0,887.96,109209,False
2024-05-29,890.0,893.0,881.16,886.48,235912,False
2024-05-30,893.0,907.5,881.06,897.97,598327,False
2024-05-31,897.97,902.8,892.0,898.85,193496,False
2024-06-03,901.99,909.0,885.0,901.38,262561,False
2024-06-04,902.0,919.0,895.04,908.78,588112,False
2024-06-05,912.88,917.0,905.0,909.81,245445,False
2024-06-06,909.79,922.98,907.0,915.06,273011,False
2024-06-07,914.99,917.75,893.0,910.89,221783,False
2024-06-10,921.0,921.01,899.0,902.27,298509,False
2024-06-11,909.97,914.0,890.0,896.44,268849,False
2024-06-12,901.99,906.9,888.0,890.52,251016,False
2024-06-13,899.7,961.99,892.04,957.25,1082726,False
2024-06-14,975.0,975.0,941.0,946.44,100018,False
2024-06-20,950.15,966.0,950.0,951.05,165345,False
2024-06-21,957.93,957.94,914.95,917.42,247404,False
2024-06-24,905.51,917.41,897.0,900.35,130452,False
2024-06-25,900.0,913.39,889.99,904.39,455950,False
2024-06-26,904.4,913.45,900.0,901.99,133057,False
2024-06-27,902.99,914.5,900.0,902.98,111105,False
2024-06-28,910.0,911.4,895.01,906.73,81042,False
2024-07-01,906.0,912.0,895.0,898.99,341903,False
2024-07-02,900.0,909.88,900.0,901.65,194171,False
2024-07-03,908.84,917.0,900.11,913.17,103739,False
2024-07-04,912.99,939.0,912.0,926.13,383353,False
2024-07-05,931.0,931.0,912.0,919.07,124806,False
2024-07-08,916.0,937.99,916.0,928.17,171837,False
2024-07-09,934.99,938.75,920.0,923.88,92486,False
2024-07-10,920.8,929.87,908.2,910.45,70321,False
2024-07-11,918.4,918.4,905.53,906.39,49481,False
2024-07-12,901.82,909.9,890.11,903.24,65700,False
2024-07-15,911.7,930.0,908.0,924.48,172639,False
2024-07-18,925.0,930.0,920.13,927.63,46238,False
2024-07-19,929.0,937.0,920.0,927.7,120286,False
2024-07-22,921.0,927.7,899.9,909.67,146243,False
2024-07-23,914.5,915.94,896.01,907.65,130416,False
2024-07-24,908.99,914.88,901.0,912.61,35821,False
2024-07-25,902.0,914.0,899.95,903.38,38839,False
2024-07-26,904.0,909.9,891.1,900.72,112225,False
2024-07-29,896.0,914.0,896.0,902.65,71928,False
2024-07-30,907.0,909.79,894.07,895.34,48696,False
2024-07-31,902.99,902.99,862.1,871.0,99298,False
2024-08-01,889.77,889.77,852.26,880.74,108380,False
2024-08-02,880.0,890.0,872.02,886.1,75702,False
2024-08-05,899.98,900.0,861.2,869.69,77775,False
2024-08-06,868.0,879.0,851.28,855.42,75301,False
2024-08-07,848.0,864.0,848.0,856.47,80785,False
2024-08-08,862.0,872.0,862.0,869.82,104008,False
2024-08-09,880.0,885.5,870.0,879.46,188461,False
2024-08-12,880.02,890.0,858.01,860.61,75059,False
2024-08-13,861.0,871.0,851.2,868.44,47690,False
2024-08-15,855.02,872.68,844.1,848.1,52423,False
2024-08-16,850.0,875.89,850.0,864.76,53771,False
2024-08-19,865.0,869.89,850.6,853.02,40874,False
2024-08-20,855.55,856.0,839.01,849.52,38419,False
2024-08-21,852.0,854.8,845.2,849.87,31554,False
2024-08-22,856.97,864.99,850.01,861.81,56525,False
2024-08-23,856.0,864.0,847.0,849.96,29739,False
2024-08-26,850.0,857.0,838.03,839.96,24791,False
2024-08-27,847.99,847.99,833.0,834.49,30752,False
2024-08-28,830.0,834.8,827.0,830.1,40694,False
2024-08-29,830.0,836.55,829.0,829.69,14635,False
2024-08-30,830.0,835.0,828.51,829.78,19073,False
2024-09-02,839.99,839.99,826.55,827.63,19952,False
2024-09-03,830.0,830.0,821.01,827.44,13039,False
2024-09-04,834.98,844.98,825.1,841.91,126252,False
2024-09-05,845.0,845.0,832.7,841.42,52801,False
2024-09-06,844.92,849.0,839.01,842.68,36093,False
2024-09-09,848.0,860.0,841.04,853.52,32658,False
2024-09-10,845.45,888.99,845.45,876.06,179821,False
2024-09-11,885.2,888.0,871.02,878.98,289411,False
2024-09-12,864.74,881.48,850.0,855.64,274866,False
2024-09-13,867.88,872.0,850.06,851.68,219058,False
2024-09-16,855.79,856.0,841.15,845.85,90724,False
2024-09-18,847.0,860.02,847.0,855.44,128004,False
2024-09-19,856.99,883.8,855.0,866.5,218039,False
2024-09-20,879.49,900.2,860.7,891.26,796606,False
2024-09-23,887.0,895.0,880.5,887.16,70106,False
2024-09-24,893.99,893.99,875.0,885.14,239434,False
2024-09-25,898.95,899.0,876.89,896.19,225962,False
2024-09-26,900.0,902.89,885.1,890.82,257603,False
2024-09-27,890.0,899.5,883.16,895.87,178960,False
2024-09-30,899.9,899.9,880.0,884.04,265961,False
2024-10-01,886.0,900.0,884.0,889.42,274590,False
2024-10-02,898.93,898.93,871.11,895.11,320925,False
2024-10-03,898.47,906.0,890.0,900.91,884628,False
2024-10-04,905.84,944.0,900.0,932.24,835312,False
2024-10-07,933.0,941.0,922.11,925.79,183827,False
2024-10-08,926.0,935.0,896.0,904.84,666169,False
2024-10-09,911.7,915.0,884.5,889.37,208110,False
2024-10-10,889.0,889.11,871.0,873.79,398049,False
2024-10-11,876.69,876.7,827.0,845.12,980211,False
2024-10-14,845.99,850.5,830.65,844.58,381088,False
2024-10-15,845.01,851.86,835.6,844.18,231507,False
2024-10-16,847.0,853.96,839.2,840.54,74381,False
2024-10-17,845.0,855.0,838.0,840.62,51916,False
2024-10-18,844.9,846.99,833.0,837.74,50103,False
2024-10-21,842.7,846.85,838.1,844.47,39577,False
2024-10-22,847.0,873.0,840.0,866.53,235108,False
2024-10-23,871.99,880.0,851.0,863.6,210643,False
2024-10-24,863.64,892.0,863.6,890.04,398823,False
2024-10-25,906.99,920.9,897.0,909.38,554860,False
2024-10-28,915.0,944.99,902.0,916.06,277842,False
2024-10-29,910.0,940.0,910.0,918.73,289848,False
2024-10-30,921.0,928.9,890.01,900.73,199515,False
2024-10-31,904.7,908.0,878.0,883.2,238326,False
2024-11-01,886.99,938.96,879.0,922.41,289426,False
2024-11-04,922.0,970.95,922.0,958.67,364382,False
2024-11-05,973.9,993.0,963.0,986.76,413402,False
2024-11-06,996.95,1018.0,986.0,1001.62,440970,False
2024-11-07,1020.0,1030.0,1005.0,1016.11,121116,False
2024-11-08,1019.99,1019.99,1000.0,1001.93,65897,False
2024-11-11,1009.97,1016.0,986.0,993.73,170978,False
2024-11-12,996.0,1004.98,988.0,989.71,150508,False
2024-11-13,993.37,1023.0,989.0,1018.35,326372,False
2024-11-14,1030.0,1047.0,1020.22,1041.31,328131,False
2024-11-15,1044.99,1047.99,1027.0,1045.14,174331,False
2024-11-18,1045.0,1060.0,1037.5,1058.29,357919,False
2024-11-19,1010.16,1059.29,1010.16,1046.03,36753,False
2024-11-20,1041.0,1055.0,1022.02,1027.94,448085,False
2024-11-21,1010.2,1043.75,1010.2,1041.17,68353,False
2024-11-22,1039.87,1050.16,1025.0,1026.89,300360,False
2024-11-25,1027.0,1039.98,990.0,998.78,157170,False
2024-11-26,998.77,998.77,925.0,948.07,576284,False
2024-11-27,960.0,1040.0,959.9,995.71,486464,False
2024-11-28,998.0,1030.0,995.0,1019.67,215710,False
2024-11-29,1019.0,1031.4,1014.0,1019.55,63387,False
2024-12-02,1025.0,1054.0,1019.55,1040.1,176187,False
2024-12-03,1041.13,1061.9,1040.0,1058.19,405612,False
2024-12-04,1058.19,1072.0,1045.0,1067.02,284601,False
2024-12-05,1067.02,1121.0,1051.46,1118.88,488098,False
2024-12-06,1120.01,1141.0,1100.0,1114.66,266819,False
2024-12-09,1120.11,1218.97,1103.0,1167.13,288292,False
2024-12-10,1194.99,1283.84,1157.0,1202.54,1022643,False
2024-12-11,1210.0,1255.0,1205.0,1218.53,255483,False
2024-12-12,1229.0,1260.0,1204.0,1225.08,594520,False
2024-12-13,1225.0,1271.0,1215.05,1257.41,332665,False
2024-12-16,1260.0,1270.0,1220.01,1238.84,559581,False
2024-12-17,1225.0,1249.98,1175.0,1182.58,433497,False
2024-12-18,1191.0,1198.0,1112.67,1135.69,296068,False
2024-12-19,1125.0,1177.0,1050.0,1084.18,542495,False
2024-12-20,1084.0,1120.99,1073.0,1107.43,281707,False
2024-12-23,1125.0,1134.98,1051.0,1132.13,179862,False
2024-12-24,1132.0,1152.0,1110.0,1115.79,143904,False
2024-12-26,1116.1,1120.0,1060.0,1064.0,292070,False
2024-12-27,1070.0,1088.0,1066.0,1071.2,171856,False
2024-12-30,1080.0,1110.5,1055.0,1098.95,192193,False
2024-12-31,1115.0,1140.0,1091.25,1100.49,363139,False
2025-01-01,1114.85,1191.15,1099.0,1187.66,481170,False
2025-01-02,1200.0,1230.0,1155.0,1192.45,362258,False
2025-01-03,1219.0,1219.0,1101.01,1147.69,487084,False
2025-01-06,1158.9,1165.98,1125.0,1148.2,183759,False
2025-01-07,1151.0,1155.9,1098.0,1150.95,274356,False
2025-01-08,1150.01,1172.0,1130.0,1134.54,178703,False
2025-01-09,1137.0,1147.0,1091.94,1102.26,174588,False
2025-01-10,1100.0,1124.7,1078.6,1094.74,215238,False
2025-01-13,1096.03,1120.0,1096.03,1104.0,103194,False
2025-01-14,1114.5,1124.0,1094.11,1116.52,150508,False
2025-01-15,1105.1,1129.0,1099.0,1110.64,97947,False
2025-01-16,1111.0,1111.0,1091.02,1099.15,87074,False
2025-01-17,1098.0,1134.99,1090.4,1128.3,267300,False
2025-01-20,1145.0,1145.0,1130.0,1132.96,84935,False
2025-01-21,1132.0,1139.0,1098.0,1101.48,82978,False
2025-01-22,1110.0,1119.0,1087.87,1097.44,150327,False
2025-01-23,1109.99,1113.99,1098.75,1106.83,50224,False
2025-01-24,1110.0,1130.0,1105.6,1109.15,117687,False
2025-01-27,1110.0,1119.0,1091.0,1098.66,102444,False
2025-01-28,1107.0,1118.99,1077.0,1084.82,355994,False
2025-01-29,1086.0,1095.0,1073.1,1076.15,127451,False
2025-01-30,1070.0,1119.0,1070.0,1113.72,594472,False
2025-01-31,1150.0,1210.02,1140.0,1180.84,1070641,False
2025-02-03,1184.0,1240.0,1178.21,1199.47,718482,False
2025-02-04,1210.0,1217.99,1185.0,1195.75,342632,False
2025-02-06,1195.0,1200.0,1175.0,1194.54,483790,False
2025-02-07,1188.1,1215.0,1188.1,1209.34,83026,False
2025-02-10,1211.0,1215.0,1190.2,1209.1,109996,False
2025-02-11,1214.28,1228.0,1210.0,1218.59,249830,False
2025-02-12,1218.59,1220.0,1206.9,1208.09,172098,False
2025-02-13,1215.0,1250.0,1211.0,1242.15,1673924,False
2025-02-14,1366.37,1366.37,1345.0,1366.37,536482,False
2025-02-17,1367.0,1441.0,1360.0,1404.3,1017829,False
2025-02-18,1410.0,1491.0,1381.02,1459.65,694511,False
2025-02-19,1467.9,1474.0,1392.0,1402.17,535671,False
2025-02-20,1400.0,1450.0,1380.0,1395.92,645471,False
2025-02-21,1535.51,1535.51,1405.0,1422.52,2132716,False
2025-02-24,1401.0,1471.99,1371.1,1449.37,1462920,False
2025-02-25,1460.0,1480.0,1440.0,1456.28,421255,False
2025-02-26,1458.0,1475.98,1450.0,1459.93,249738,False
2025-02-27,1467.0,1469.89,1433.0,1436.93,159380,False
2025-02-28,1444.9,1444.9,1406.1,1424.16,187308,False
2025-03-03,1415.25,1434.0,1409.0,1412.72,161766,False
2025-03-04,1413.01,1439.9,1413.01,1428.76,194218,False
2025-03-05,1433.0,1460.0,1429.0,1434.31,284831,False
2025-03-06,1437.1,1450.0,1432.75,1434.93,178135,False
2025-03-07,1439.99,1457.88,1434.0,1448.95,323720,False
2025-03-10,1450.0,1463.0,1440.0,1448.49,129248,False
2025-03-11,1448.0,1450.0,1432.0,1438.29,131405,False
2025-03-12,1442.0,1444.0,1428.0,1430.9,83982,False
2025-03-13,1434.0,1484.0,1434.0,1471.33,441742,False
2025-03-14,1490.0,1490.0,1455.6,1464.11,420086,False
2025-03-17,1469.99,1499.0,1465.0,1492.99,415549,False
2025-03-18,1500.0,1525.0,1492.55,1516.8,524935,False
2025-03-19,1515.0,1545.0,1490.0,1534.62,578664,False
2025-03-20,1547.99,1570.0,1540.2,1549.49,554306,False
2025-03-21,1551.1,1560.0,1520.05,1527.79,166226,False
2025-03-24,1538.0,1542.0,1489.0,1496.45,242494,False
2025-03-25,1496.0,1507.25,1473.0,1497.87,153127,False
2025-03-26,1510.0,1515.0,1480.0,1491.28,212439,False
2025-03-27,1486.01,1518.0,1480.2,1496.6,265302,False
2025-04-03,1490.0,1529.89,1486.01,1516.26,292519,False
2025-04-04,1515.0,1529.95,1497.0,1501.41,311559,False
2025-04-07,1490.0,1500.0,1412.0,1476.06,586054,False
2025-04-08,1500.01,1621.8,1494.0,1574.15,2063508,False
2025-04-09,1580.0,1580.0,1541.0,1560.98,605409,False
2025-04-10,1603.0,1626.0,1580.01,1601.83,796980,False
2025-04-11,1590.0,1614.0,1578.0,1602.95,456102,False
2025-04-14,1615.5,1699.0,1605.1,1689.59,1028009,False
2025-04-15,1700.0,1747.0,1675.0,1716.23,1150692,False
2025-04-16,1720.0,1771.0,1710.0,1725.54,756955,False
2025-04-17,1732.0,1759.9,1727.0,1738.3,447747,False
2025-04-18,1748.8,1796.0,1738.0,1751.45,1109330,False
2025-04-28,365.0,383.25,355.13,358.88,9953480,False
2025-04-29,358.0,363.98,335.0,349.16,7838604,False
2025-04-30,340.0,343.94,325.0,327.29,5286939,False
2025-05-02,336.1,342.0,333.0,336.8,4552166,False
2025-05-05,337.0,340.0,328.0,335.01,3188998,False
2025-05-06,339.31,339.31,320.0,323.31,2354625,False
2025-05-07,300.01,318.44,296.0,304.92,7169114,False
2025-05-08,306.11,317.95,274.43,287.68,7396858,False
2025-05-09,295.0,309.0,280.15,307.07,3642443,False
2025-05-12,337.78,337.78,337.78,337.78,876832,False
2025-05-13,351.0,354.99,337.8,351.19,6259987,False
2025-05-14,364.95,364.95,343.0,351.1,5816281,False
2025-05-15,351.1,354.0,343.0,347.49,2643581,False
2025-05-16,349.0,349.0,341.5,342.37,1051595,False
2025-05-19,345.0,347.0,335.1,338.15,1389149,False
2025-05-20,339.0,346.0,332.82,337.17,1331099,False
2025-05-21,336.99,338.09,333.6,335.39,1037102,False
2025-05-22,335.51,336.88,323.52,324.99,1883910,False
2025-05-23,326.96,330.49,320.05,324.82,917946,False
2025-05-26,321.01,327.82,321.01,322.88,495875,False
2025-05-27,325.01,329.79,319.5,324.23,2294998,False
2025-05-29,325.97,339.9,324.75,333.38,2756891,False
2025-05-30,335.44,338.0,333.5,335.62,827975,False
2025-06-02,336.05,339.85,330.0,331.77,984536,False
2025-06-03,335.0,343.5,334.0,339.26,2955173,False
2025-06-04,343.0,348.1,341.5,345.61,3330662,False
2025-06-05,345.61,347.5,340.62,342.06,816940,False
2025-06-10,343.0,343.01,334.85,335.48,1141529,False
2025-06-11,345.0,354.0,340.11,352.13,5565026,False
2025-06-12,355.0,374.0,352.01,356.0,9603356,False
2025-06-13,348.0,351.0,341.5,345.72,3402914,False
2025-06-16,345.72,351.99,339.96,340.85,2370083,False
2025-06-17,341.01,344.0,334.0,335.23,1633824,False
2025-06-18,336.0,336.5,328.7,331.53,2056615,False
2025-06-19,331.5,337.01,325.0,328.45,2994913,False
2025-06-20,327.88,332.9,326.0,329.93,761312,False
2025-06-23,320.2,326.89,315.0,316.66,1695746,False
2025-06-24,335.5,347.95,331.11,346.42,4684225,False
2025-06-25,348.0,349.5,345.0,347.74,1642530,False
2025-06-26,347.75,351.0,340.39,341.28,1506811,False
2025-06-27,342.6,365.0,341.28,355.89,6413957,False
2025-06-30,357.1,359.0,353.01,355.24,1632314,False
2025-07-01,357.0,357.0,347.98,349.76,2143278,False
2025-07-02,350.0,353.9,348.0,348.8,989113,False
2025-07-03,349.97,355.5,348.07,349.66,1500526,False
2025-07-04,352.99,354.5,350.0,353.08,962543,False
2025-07-07,354.99,358.0,352.0,356.59,1531676,False
2025-07-08,358.0,359.63,352.07,355.03,1740065,False
2025-07-09,356.49,357.0,350.25,352.42,1014954,False
2025-07-10,354.0,354.25,350.0,353.38,1390682,False
2025-07-11,354.44,359.9,351.5,351.98,1637078,False
2025-07-14,353.0,355.8,350.75,353.19,1083505,False
2025-07-15,354.0,356.0,349.0,349.87,1176731,False
2025-07-16,350.0,351.1,345.0,349.62,867656,False
2025-07-17,350.95,359.1,349.0,358.3,2044005,False
2025-07-18,358.51,374.85,354.72,358.71,5228348,False
2025-07-21,358.5,365.0,356.0,357.73,987508,False
2025-07-22,358.0,361.0,355.61,357.08,1121102,False
2025-07-23,358.0,360.0,355.5,356.77,771597,False
2025-07-24,357.02,359.45,353.0,353.49,688855,False
2025-07-25,353.2,360.0,352.01,358.54,931294,False
2025-07-28,361.89,373.24,361.74,369.3,3333943,False
2025-07-29,370.0,374.89,357.81,361.88,4317828,False
2025-07-30,363.99,364.99,351.0,356.43,1928440,False
2025-07-31,358.0,362.35,352.5,356.95,855949,False
2025-08-01,358.0,362.1,355.0,359.91,1168697,False
2025-08-04,364.97,374.0,363.51,372.11,2876974,False
2025-08-05,372.11,377.85,371.99,374.94,3163979,False
2025-08-06,377.5,382.51,375.16,380.83,3126789,False
2025-08-07,381.01,384.4,376.2,382.29,2162742,False
2025-08-08,380.0,386.9,370.2,374.73,1639040,False
2025-08-11,374.0,382.4,372.0,375.88,1875675,False
2025-08-12,378.97,381.25,376.51,378.4,1139433,False
2025-08-13,380.11,387.0,379.01,385.42,1860408,False
2025-08-15,387.45,399.75,383.0,394.34,3300897,False
2025-08-18,395.0,413.5,394.6,411.02,3728197,False
2025-08-19,412.0,430.0,412.0,425.98,3914791,False
2025-08-20,430.0,432.45,423.01,424.62,2577062,False
2025-08-21,425.0,428.95,409.0,419.91,3096060,False
2025-08-22,419.91,424.5,415.5,417.08,1247451,False
2025-08-25,418.01,420.0,411.0,413.58,696364,False
2025-08-26,413.7,422.98,411.0,415.44,907341,False
2025-08-27,418.0,419.5,413.8,414.63,787919,False
2025-08-28,415.0,423.5,414.63,418.26,1560131,False
2025-08-29,420.0,435.0,419.25,427.42,2963919,False
2025-09-01,429.2,449.2,428.01,445.55,4086384,False
2025-09-02,448.0,448.0,438.0,440.72,2089897,False
2025-09-03,441.26,450.0,441.26,443.17,2159612,False
2025-09-04,443.17,456.0,443.1,452.91,2993412,False
2025-09-05,454.9,482.0,454.1,466.18,6159407,False
2025-09-08,469.0,481.0,469.0,478.57,3073083,False
2025-09-09,477.9,485.97,472.5,481.01,3637777,False
2025-09-10,475.6,486.0,474.0,483.21,1838689,False
2025-09-11,483.5,486.99,478.0,480.64,1919069,False
2025-09-12,481.0,483.0,471.5,474.17,1666181,False
2025-09-15,474.17,479.05,470.0,476.59,2177425,False
2025-09-16,479.9,481.0,475.0,477.52,1586736,False
2025-09-17,478.8,487.5,477.0,480.56,2244163,False
2025-09-18,481.0,486.0,480.56,484.45,1319613,False
2025-09-19,485.99,494.5,480.55,487.99,1361634,False
2025-09-22,489.47,491.98,481.01,482.4,874264,False
2025-09-23,485.0,486.0,475.05,476.24,879952,False
2025-09-24,476.7,481.0,473.0,474.83,578674,False
2025-09-25,475.05,477.6,460.0,464.62,1187814,False
2025-09-26,465.0,474.0,460.75,470.56,2136072,False
2025-09-29,473.98,473.98,466.0,467.1,847609,False
2025-09-30,467.25,478.0,463.1,475.89,1588041,False
2025-10-01,478.89,483.0,469.55,479.07,996089,False
2025-10-02,479.0,484.99,470.1,472.14,1566426,False
2025-10-03,475.0,479.79,473.01,474.12,837163,False
2025-10-06,472.5,474.0,467.0,470.65,827392,False
2025-10-07,475.77,475.77,455.0,456.11,1488722,False
2025-10-08,457.0,459.99,440.0,443.95,2592217,False
2025-10-09,445.11,463.49,445.11,450.88,1481644,False
2025-10-10,450.0,460.0,443.0,448.34,1114027,False
2025-10-13,441.0,450.0,425.0,431.38,2567586,False
2025-10-14,440.0,472.0,440.0,467.16,1942602,False
2025-10-15,468.0,470.01,454.05,458.55,1873814,False
2025-10-16,458.35,465.95,452.1,454.59,1593384,False
2025-10-17,457.0,463.0,451.12,459.89,986837,False
2025-10-20,465.0,467.5,456.0,462.45,666061,False
2025-10-21,463.01,465.0,458.01,462.41,718850,False
2025-10-22,462.3,463.75,457.11,459.85,861474,False
2025-10-23,457.99,460.0,450.0,451.78,635349,False
2025-10-24,451.78,455.0,443.02,452.32,510119,False
2025-10-27,452.32,452.32,443.8,445.2,388945,False
2025-10-28,455.0,464.9,450.51,452.64,1406545,False
2025-10-29,452.51,458.0,440.0,442.28,736919,False
2025-10-30,442.0,452.85,442.0,445.93,1121777,False
2025-10-31,450.0,462.0,450.0,459.87,754891,False
2025-11-03,465.0,465.48,458.0,459.92,709293,False
2025-11-04,460.0,462.05,449.82,454.76,718536,False
2025-11-05,455.85,455.85,440.01,442.02,1120641,False
2025-11-06,443.95,444.84,427.99,439.66,1702646,False
2025-11-07,440.0,445.0,432.55,439.84,682624,False
2025-11-10,441.99,446.5,439.0,441.42,708042,False
2025-11-11,441.0,443.99,430.0,430.62,1365386,False
2025-11-12,430.0,434.0,422.0,424.34,1132424,False
2025-11-13,425.01,449.0,425.01,445.9,2584227,False
2025-11-14,448.11,450.89,441.51,442.41,997259,False
2025-11-17,445.1,447.9,431.0,432.63,1116466,False
2025-11-18,435.99,436.0,425.0,430.24,1244144,False
2025-11-19,430.24,434.5,426.91,428.08,911237,False
2025-11-20,430.0,432.89,426.1,429.78,644548,False
2025-11-21,431.0,435.0,426.5,428.42,838510,False
2025-11-24,428.01,431.0,421.87,426.98,984016,False
2025-11-25,428.1,433.45,423.0,430.53,606817,False
2025-11-26,427.5,440.0,423.5,436.7,1197282,False
2025-11-27,438.07,457.0,438.0,451.58,1937982,False
2025-11-28,453.5,460.48,452.0,458.24,1906835,False
2025-12-01,464.0,469.0,455.0,465.35,2448671,False
2025-12-02,468.99,481.4,463.25,476.71,4149100,False
2025-12-03,480.0,480.0,466.0,471.13,973670,False
2025-12-04,469.0,472.98,465.0,471.44,568533,False
2025-12-05,478.0,478.0,468.01,475.6,1475173,False
2025-12-08,475.0,477.98,471.5,476.06,755301,False
2025-12-09,479.45,488.7,473.49,485.92,1639272,False
2025-12-10,485.92,504.0,485.27,497.28,2634361,False
2025-12-11,495.0,496.0,484.52,487.24,1026336,False
2025-12-12,487.24,492.77,481.0,488.82,761289,False
2025-12-15,490.0,496.0,487.02,488.6,697626,False
2025-12-16,491.98,500.0,487.5,488.3,1138092,False
2025-12-17,488.8,490.5,471.2,476.63,1401564,False
2025-12-18,479.11,495.03,477.0,485.49,1456032,False
2025-12-19,485.67,503.04,485.67,499.04,2918362,False
2025-12-22,498.99,529.5,495.0,512.7,3865992,False
2025-12-23,510.0,520.0,505.1,509.2,1265993,False
2025-12-24,495.01,502.0,487.96,490.42,1659599,False
2025-12-26,491.89,497.8,485.0,486.36,1277190,False
2025-12-29,489.89,495.0,484.8,486.74,941680,False
2025-12-30,487.0,492.0,486.1,487.24,1120108,False
2025-12-31,492.0,492.0,470.0,474.96,3110153,False
2026-01-01,476.01,492.0,476.01,481.02,1560281,False
2026-01-02,483.99,486.65,472.0,478.44,1492540,False
2026-01-05,478.5,498.99,478.5,488.36,3367840,False
2026-01-06,490.5,514.0,489.0,508.8,6692054,False
2026-01-07,508.8,515.23,506.01,512.15,2461854,False
2026-01-08,514.49,516.88,504.55,507.84,2146131,False
2026-01-09,507.0,508.27,492.0,498.3,1889315,False
2026-01-12,498.3,499.97,490.0,491.18,1108288,False
2026-01-13,494.2,506.0,488.0,500.09,1677757,False
2026-01-14,500.26,502.0,487.11,490.0,1683329,False
2026-01-15,490.02,495.0,485.0,487.58,818902,False
2026-01-16,488.1,500.12,488.1,493.86,1495746,False
2026-01-19,497.99,501.25,494.16,500.15,1057520,False
2026-01-20,501.0,502.96,495.0,496.37,1004690,False
2026-01-21,498.49,499.79,490.0,492.35,1161563,False
2026-01-22,491.99,497.2,490.1,495.17,788835,False
2026-01-23,494.98,497.0,485.01,491.94,945441,False
2026-01-26,492.0,499.0,480.06,486.26,1521757,False
2026-01-27,485.0,485.0,475.1,477.24,1724656,False
2026-01-28,478.0,485.0,475.01,478.07,1043937,False
2026-01-29,480.0,483.5,462.51,465.43,1801771,False
2026-01-30,467.9,489.5,465.0,482.13,2341538,False
2026-02-02,483.5,486.82,473.5,475.91,1361788,False
2026-02-03,479.27,481.5,475.01,476.06,1482328,False
2026-02-04,477.0,481.75,475.0,476.66,2918769,False
2026-02-06,477.0,478.0,466.5,468.65,1405871,False
2026-02-09,472.0,473.85,455.76,457.49,2459358,False
2026-02-10,459.99,470.0,453.01,465.95,1816434,False
2026-02-11,466.0,484.0,466.0,477.53,4625558,False
2026-02-12,477.0,482.5,467.06,472.88,2375010,False
2026-02-13,472.0,472.0,454.01,460.86,4047882,False
2026-02-16,461.02,462.0,442.0,449.06,5941873,False
2026-02-17,449.06,457.0,441.0,445.65,2541525,False
2026-02-18,449.0,457.5,445.5,454.25,4594770,False
2026-02-19,453.9,453.9,432.6,435.72,1299232,False
2026-02-20,435.8,441.97,424.01,436.5,1735381,False
2026-02-23,434.99,435.0,397.0,407.97,3536711,False
2026-02-24,415.0,431.02,405.0,422.22,2981168,False
2026-02-25,423.24,428.3,410.55,414.58,1153268,False
2026-02-26,415.0,430.5,408.0,424.06,2515007,False
2026-02-27,420.0,435.0,410.2,422.18,1338120,False
2026-03-02,379.96,410.2,379.96,381.27,7253805,False
2026-03-03,387.0,405.0,381.27,398.55,4351762,False
2026-03-04,398.0,398.0,389.0,390.6,1650846,False
2026-03-05,392.95,400.5,390.0,398.83,3782703,False
2026-03-06,397.99,398.0,381.99,383.04,2031009,False
2026-03-09,344.74,359.99,344.74,344.97,3897451,False
2026-03-10,376.0,379.47,371.0,379.41,1965393,False
2026-03-11,385.0,390.0,375.1,379.02,1669709,False
2026-03-12,375.1,377.96,365.0,366.5,1772781,False
2026-03-13,365.0,367.65,350.0,358.85,1885853,False
2026-03-16,358.4,359.0,341.5,342.91,2232849,False
2026-03-17,345.0,354.98,341.0,346.79,2681764,False
2026-03-18,349.99,363.5,343.97,356.53,2708443,False
2026-03-19,350.03,358.52,344.0,354.85,2716650,False
2026-03-24,379.68,379.68,358.0,365.22,4346775,False
2026-03-25,370.23,389.25,368.11,384.99,4696288,False
2026-03-26,383.97,383.97,363.0,366.56,3312882,False
2026-03-27,366.15,373.0,360.0,362.3,1987580,False
2026-03-30,362.3,364.0,339.0,345.09,2657018,False
2026-03-31,355.0,364.0,350.52,356.86,1986599,False
2026-04-01,368.0,392.55,368.0,389.58,6249051,False
2026-04-02,376.0,383.44,370.0,378.75,2852587,False
2026-04-03,370.0,377.0,369.0,371.17,1461592,False
2026-04-06,370.5,382.56,361.36,379.26,3261316,False
2026-04-07,372.0,385.0,370.0,382.12,2395447,False
2026-04-08,420.33,420.33,420.33,420.33,858501,False
2026-04-09,439.8,439.8,402.0,429.97,7125029,False
2026-04-10,431.11,447.8,431.11,435.76,3957795,False
2026-04-13,415.0,425.0,407.0,410.06,3601011,False
2026-04-14,425.0,438.0,420.0,434.36,4056475,False
2026-04-15,455.0,458.44,433.99,435.77,5435632,False
2026-04-16,439.99,444.0,430.15,435.5,2920671,False
2026-04-17,438.01,451.95,437.01,449.37,3389829,False
2026-04-20,445.0,445.0,430.1,440.86,3733292,False
2026-04-21,448.0,448.0,438.5,441.02,1632822,False
2026-04-22,441.0,442.97,429.05,431.12,1376109,False
2026-04-23,430.0,433.99,420.55,425.8,1051797,False
2026-04-24,422.27,435.0,415.0,430.25,1386253,False
2026-04-27,430.0,434.0,420.0,422.88,990168,False
2026-04-28,417.99,421.0,415.0,418.64,881743,False
2026-04-29,418.01,425.9,410.5,418.41,1767142,False
2026-04-30,413.94,413.94,400.51,407.99,2247520,False
2026-05-04,411.0,425.0,406.81,411.18,1757797,False
2026-05-05,405.0,411.9,405.0,409.1,964827,False
2026-05-06,420.1,444.0,418.11,439.61,5101180,False
2026-05-07,445.25,457.0,436.0,449.6,3840933,False
2026-05-08,442.0,448.97,438.0,445.73,1727932,False
2026-05-11,440.26,441.4,435.0,436.13,1302881,False
2026-05-12,436.13,440.0,427.0,428.3,708151,False
2026-05-13,428.02,431.4,421.0,422.36,767836,False
2026-05-14,422.36,429.9,421.0,422.8,531442,False
2026-05-15,429.0,429.0,416.0,417.75,1174717,False
2026-05-18,413.15,414.99,405.0,406.51,949984,False
2026-05-19,408.11,415.49,406.11,407.89,628912,False
2026-05-20,410.01,412.25,405.01,410.88,3983677,False
2026-05-21,418.0,434.0,418.0,426.82,4012991,False
2026-05-22,430.48,431.5,420.16,422.13,1107759,False
2026-05-25,435.0,438.5,430.0,436.77,1913466,False
2026-05-29,440.0,454.5,437.8,453.43,4073832,False
2026-06-01,451.9,452.15,434.0,437.14,2214263,False
2026-06-02,437.14,441.5,432.0,435.67,1596078,False
2026-06-03,435.0,435.0,427.0,429.83,1560670,False
2026-06-04,434.95,436.36,430.0,434.4,937132,False
2026-06-05,435.6,437.67,430.2,431.5,850824,False
2026-06-08,426.0,429.9,423.5,426.49,1162090,False
2026-06-09,432.99,438.0,431.0,432.15,3790348,False
2026-06-10,431.0,435.0,427.0,429.35,1587252,False
2026-06-11,427.0,434.9,422.0,433.09,3275763,False
2026-06-12,438.88,454.01,436.52,449.11,5436081,False
2026-06-15,470.0,472.4,460.9,469.36,6516394,False
2026-06-16,472.5,475.9,463.63,469.82,4277608,False
2026-06-17,470.0,475.0,464.16,470.61,3055536,False
2026-06-18,472.0,477.0,469.99,471.57,2098556,False
2026-06-19,471.0,472.99,459.0,462.98,2737636,False
2026-06-22,465.11,467.9,457.5,459.06,1538353,False
2026-06-23,460.01,462.9,455.0,457.47,1694484,False
2026-06-24,458.02,469.0,458.02,467.75,1991650,False
2026-06-29,467.75,467.75,460.5,461.84,902422,False
2026-06-30,462.1,471.5,462.1,469.52,1320094,False
2026-07-01,470.0,474.92,469.29,472.38,2038908,False
2026-07-02,474.9,484.9,474.9,480.03,3253073,False
2026-07-03,481.05,484.9,476.0,480.12,1155247,False
2026-07-06,482.89,490.8,482.0,488.66,2184221,False
2026-07-07,489.0,490.5,480.01,481.39,1452331,False
2026-07-08,477.0,479.94,456.0,464.99,5648437,False
